"name","text"
"Yogi Pramono","Wisata Religius Yang Masih Mengedepankan Budaya Jawa, Tempat Bersih, Toilet Juga Bersih."
"Nurhadi","Pada saat berkunjung tidak memuaskan karena fasum (toilet) terkunci. Toilet yang di musholla lampunya mati dan kurang bersih. Segera diperbaiki agar wisatawan yang berkunjung tidak kecewa dan tidak kapok

Bojonegoro matoh"
"SD Muhammadiyah 3 ICP Sumberrejo","Bagus"
"Linjaya Talin","Sangat bagus penuh nuansa religius serasa berada di zaman kerajaan"
"Prasetyo Bayu budi","Indah nan sejuk"
"Puji Anggono","Tempat yang penuh dengan legenda"
"mugi rahayu","cocok buat yang pengen santai dari hirup pikuk kota sih karna emng masuk hutan kayu jati mantap lah
harga tiket masuknya murah cuman 7rb per orang itu udah sama parkirnyaa .. tapi dari gapura kayangan api ke tempat wisatnya juah bngt sampe ak kira nyasar hehe"
"Hari Widiono","Wisata yg sangat bagus tuk mengenal sejarah&geologi alam....krn di situ ada gas alam&sejarah tempat empu tuk membuat keris"
"Edwin Bojonegoro barat","Dulu apinya kelihatan menyala membara..
Sekarang kurang kelihatan .. banyak batunya"
"Heri Siswanto","Klo Pengen Melihat Pemandangan Api Yg Menakjubkan Usahakan Dateng Malam Hari... Selain Itu Suasana Terasa Damai...! ğŸ¤²ğŸ¤²ğŸ¤²"
"arifiyanto hadinegoro","Masih asri"
"mus cahndeso","Tempatnya sangat indah.. Sangat cocok untuk berwisata bersama kluarga....!!"
"Putri Kusumawardhani","Semakin indah dan lengkap fasilitasnya mulai toilet, musholla, spot foto, banyak pendopo jadi adem cocok untuk gathering dengan keluarga. Kayu jatinya besar. Bisa jadi pilihan wisata alam di bojonegoro biar gak bosan. Matur suwun."
"DioAziz View","Bagus
Tiket masuk hari Minggu 7500 per orang
Parkir mobil 3000"
"Erfanto","Wisata budaya yang harus di lestarikan dan di promosikan Agar bisa menjadi icon yang membawa dampak ekonomi dan nilai historis"
"Bun","Tempat asri, sejuk, terdapat api abadi, sumur blukuthuk. Pernah ikut acara ruwatan massal pd thn 2020 cukup sakral, khitmad"
"Muhamad Chamim mushodir","wisata murah meriah, per orang cuma 7.500 lokasi yg instagramable, juga dikelilingi hutan yg asri."
"putra 99","Memiliki spot2 yang tidak dimiliki wisata lain"
"INFO Penting","Menyenangkan berkunjung ke tempat wisata api abadi yang unik"
"Wijayanto Eko","Api yang selalu menyala walaupun hujan...
Wisata yang bagus dan perlu di informasikan dan dikemas dengan lebih menarik lagi agar wisata di bojonegoro semakin meningkat"
"Nona Setiari","Wisata api abadi, ada pendopo, ada kuliner nya. Tempat luas, sejuk, nyaman"
"suyono suyono","wisata sejarah empu disini"
"Sisca Nova","Masyallah"
"Nazzah Jayyidah","Tempat ini sangat cocok untuk kegiatan rombongan, terutama untuk anak-anak agar bisa belajar sejarah di Bojonegoro. tiket masuk wisata ini hanya sekitar 7.500 rupiah dan untuk biaya parkir hanya 2.000 rupiah."
"diyah meidiyawati","Destinasi wisata sejarah yang dapat dijadikan alternatif pelepas penat. Harga tiket murah, akses jalan lumayan bagus, suasana sejuk dengan banyak pepohonan. Namun kebersihan harus lebih ditingkatkan."
"Miskun Baru","Tempat nya sunyi enak buat ngadem sih..."
"Budi Santoso","Lumayan untuk wisata ditengah hutan, mudah dijangkau karena Akses jalannya bagus, tapi sayanG jln masuknya aja kurang bagus pas dari dpn ke kayangan api.."
"Elsa Endang","Kl bisa pedagang jagung bakar nya jangan bakar jagungnya d atas api ....disuruh d lapak"" karena merusak pemandangan bagi yg mau foto"""
"yayan syam","Kayangan api di Bojonegoro, tiket masuk klo ga salah 7500/org, parkir mobil 3000. tempatnya kurang di pelihara dgn baik, toilet kran2 airnya mati dan jorok , wastafel ada brrp kran airnya yg rusak jadi airnya netes2."
"Jumiati Saroh","Wisata jaman kerajaan yang patut di lestarikan dan dijaga kebudayaan nya"
"Ibnu Nugroho","tempat wisata alami. tempat yang asri"
"Dj Hansam","Sudah lama tidak mampir kesini, ternyata sudah banyak yang baru. Lokasi wisata lebih luas dan rapi. Tempat makannya juga sudah banyak dan bervariasi. Teduh banyak pohon rindang."
"Sugeng Santoso","Ok bget"
"anton guntoro","Review lengkap cek channel youtube : Bocah Keluyuran"
"Penikmat Fajar","Gud"
"Banir Arjunagibran","Jos gandoss"
"prameswara 11","Hutan jati lebat dan api buat hangatkan badan/bakar jagung"
"Izah singgaray","Bukan masalah tempat
Jauh ataupun dekat
Yang membuat seru adalah
Kebersamaan.."
"Lintang 1","Tempatnya bagus, bersih dan nyaman untuk piknik bareng teman maupun keluarga. Ada mushola dn wc yg cukup bersihğŸ˜Š
Paling cocok waktu sore gk terlalu panasâ˜º"
"IB Dedy Kusuma","Malem yg penuh kehangatan ğŸ˜ƒğŸ˜ƒğŸ˜ƒ"
"Safira Ulita","Tempat yang menarik untuk dikunjungi. Salah satu destinasi wisata sejarah di Bojonegoro yang memiliki potensi api abadi."
"farisha firni","Wisata edukasi namun harus ditambah dengan fasilitas publik bagi anak2"
"ONC mahar","Tempat wisata kayangan api sangat cocok untuk liburan keluarga, tempatnya sangat nyaman teduh banyak pepohonan, dan ada sumber apinalam yg tak pernah padam"
"Mak yo pasiyo","Tempatnya rimbun . Fasilitas lengkap . Harga tiket terjangkau"
"Trie","Wisata kayangan api berlokasi di Kabupaten Bojonegoro dengan tiket masuk Rp 7500 untuk dewasa dan gratis untuk anak-anak . Pengunjung bisa melihat keindahan fenomena geologi berupa api yang tidak pernah padam. Nyala api menyembul dari tumpukan batu . Sumber api dari semburan gas alam yang berasal dari dalam perut bumi. Pengunjung juga bisa melihat tempat pembuatan senjata pusaka dan tempat semedi (bertapa).banyak penjual makanan dan souvenir di sekitar lokasi"
"aditya wiranata","Bersih"
"bagus bintang","Jas Merah.."
"Al Ghazali","Tempatnya nyaman"
"novi andriyawati","Lokasinya adem bagus buat liburan tipis tipis,  bersih juga cm sayang kamar mandi belakang mushola lampunya redup jd horor bgt.  Kamar mandi yg lain banyak g terawat.  Selebihnya keren bisa buat nenangin diri"
"Doel Alfaqir","Sejuk"
"ade sarinto","Yah begitulah .namanya publik area"
"Suparlan Kertosono","Tempatnya nyaman bersih"
"Aceng Jujun J (Aceng)","Lumayan bagus buat menyepi, lokasi nya juga bersih"
"Lukas Harmingkli","ğŸ‘ğŸ½"
"wei wei sutedja","Wisata historis. Tempat nya adem agak berkesan mistis karena memang di hutan. Tempat dulu menempa senjata pada zaman kerajaan Majapahit"
"Didiex Rachman","Tempat wisata di Bojonegoro, dimana ada sumber gas dan nyala api, yg kemudian dikelola dengan baik sebagai tempat wisata. Bersih dan bagus."
"Abderrahmane IMARAZENE","Tempat yang bagus layak dikunjungi.
Biaya masuk: Rp 7500/orang"
"Max Zonahero","Fasilitas lengkap... Saran buat pengunjung, pakailah lotion anti nyamuk waktu berkunjung... â˜ºâ˜ºâ˜º"
"Aisyah Fitriani","Bersih,asri,saya nyaman ğŸ‘ğŸ‘"
"Miftah Pandikta","Angkling Dharmo"
"feri amrina","salah satu tempat wisata yang ada di bojonegoro..
dengan tiket masuk 7500 dan parkir 3000...
ada juga tempat buat semedi di lokasi api yang tak kunjung padam.."
"Sunarto Sunarto","Lokasi bersih indah nyaman untuk bersantai"
"yuniar dewi","Tempat bersih, sejuk. Petugas ramah."
"Sanusi","Bagus
Rapi
Bersih
Yang pasti aman
Dan tiket murah ...."
"Raden Andy","Apik"
"Menang Akhir Mujahid kembang'1922'","Bisa menambah keyakinan bahwa Allah SWT,akan menuntun kerohanian seseorang ,salah satunya berkunjung di kayangan api bojonegoro"
"Pamujiw Sasongko","Tempat wisata kayangan api yang sangat fenomelal ğŸ™ğŸ™ğŸ™"
"Riza Ferdianto","Cat nippon paint cat no 1 di Indonesia"
"Siti Fatmawati Fatimah","Bagus n cocok buat berfoto ria"
"Sakti jaya","Sangat istimewa"
"doni zidane","Perlu pengembangan yg lebih baik... Terutama fasilitas untuk permainan yg menarik."
"sutardi dedih","Bakar jagung di api abadi"
"Rony Reyga","nyaman....g panas..."
"Esa Fatika","Tempatnya luas, ada rumah-rumah jamah dahulu, toilet, juga ada mushollah. Apinya ada bau nya guys, gak tau ya itu bau apa? Cuma menurut ku keren banget tempatnya. Karena ada sejarahnya tempat ini."
"Dia Diana","Semakin bagus ya tempat nya cocok buat rekreasi tema sejarah"
"Runny RR","Cocok untuk wisata liburan keluarga. Htm murah, lokasi tenang, jauh dari hiruk-pikuk kendaraan bermotor dan pemukiman, udara bersih dan nyaman. Sayang sekali kondisi kurang terawat dan tidak banyak spot foto. Semoga bisa lebih lebih dikembangkan lagi karena selain sebagai tempat wisata, tempat ini merupakan situs peninggalan prasejarah dr kerajaan majapahit."
"Kamiran","Tempat ini termasuk wisata sejarah, ada kaitannya dengan Kerajaan Majapahit. Pernah menjadi bagian penting dari even olahraga nasional, sumber pengambilan api PON ke-... (maaf lupa). Saat ini masih terdapat bagian yang direnovasi. Akan bisa menjadi tempat wisata yang nyaman dan menarik jika dikelola dengan baik. Karena tempatnya di tengah hutan, faktor keamanan pengunjung kiranya sangat perlu diperhatikan agar peziarah merasa tenang, aman, dan nyaman. Wis ngono ae."
"Satriyo Arif Wicaksono","Kayangan api, Salah satu destinasi wisata di Bojonegoro. Terletak di Dander, lokasinya sekitar 19km dari pusat kota bojonegoro.
Parkiran Luas, Tiket masuk juga terjangkau."
"Syifa'ul Qulub","Tidak recommended, tempat panas dan sepi. Terbengkalai, seperti tidak dikelola dengan baik."
"Happy Tour Surabaya","Disarankan kesini sore atau malam hari. Selain menghindari cuaca panas juga kalau sore apanya kelihatan"
"Jay Kalimantan","Utk obyek wisatanya cukup berkesan, tp sayang fasilitas pendukungnya terutama AIR di dlm toiletnya yg hrs di perhatikan..."
"Yusuf Eko Supriyanto","Teruskan berbenah"
"Faiz faiz","tempatnya sejuk bersih dan mudah dijangka"
"budi prayitno","Salah satu rekreasi alam yang dimiliki Bojonegoro dengan fasilitas cukup memadai dan lebih eksotis lagi kalau datang pas malam Jum'at  mistisnya terasa"
"Muhammad Solikhin","Sangat bagus bisa untuk terapi segala penyakit"
"Bustomi Tomi","Api dari alam yang terus hidup dan tidak pernah mati yang saat ini menjadi arena wisata di daerah Bojonegoro kita bisa melewati area api tersebut hingga sedekat mungkin dan kita bisa berfoto di situ. Di dekat api abadi tersebut terdapat sebilah keris yang beri tegak yang diinfokan bahwa pembuatan keris itu dengan menggunakan api abadi tersebut. Selain api ini abadi disana  juga terdapat kolam renang belerang yang infonya bisa bermanfaat untuk perawatan kulit. Namun disayangkan penataan area wisata itu masih belum maksimal dan tingkat attractivess nya masih relatif rendah"
"iwan Alam","Lumayan"
"YUDHI CHANEL","Oke"
"Novianto Pandu","Tingkatkan promosi nya di medsos atau ke biro perjalanan. Fasilitas lumayan lengkap ada kios makanan dan oleh* tradisional.Bisa buat foto prewedding juga"
"sugiyanti 121","Apakah ini petilasan empu pembuat keris"
"Nyugik Irwanto","Tempatnya asyik"
"Andi Irawanto","tempatnya sejuk, adem, penuh dengan sejarah"
"Ayu .K.P","Wisata syarat sejarah. Bangunan rapi, bagus. Tiket std harga pariwisata.
Keterangan sejarah dll mgkn bisa lebih diperbanyak untuk menambah kesan dan interaksi.
Mungkin bs jg ditambahkan musik2 yg sesuai tema wisata atau mini teater yg terjadwal biar suasana tdk terlalu sepi. Beberapa bagian sedang dlm perbaikan. Kebersihan bisa lebih ditingkat lg agar lebih nyaman.
Aktif sosmed sbg media promosi.
Smoga sukses ..."
"Tris No","Wisata yang bagus dinikmati pada malah hari, pancaran api abadinya sungguh ciptaan Allah Yang Maha Agung."
"pradista aprilya","bagus tempatnya, mengenang sejarah banget, dan dingin, sejuk banget tempatnya. serasa kembali pulang ğŸ¤­â˜ºï¸"
"Fajar Septiono","Mantab bisa ada apinya"
"Rohmat (Rohmat)","Salah satu tempat wisata keluarga di Bojonegoro yang wajib dikunjungi.

Merupakan salah satu iconic Kota Bojonegoro karena Obor Api Olimpiade diambil di tempat ini.

Akses menuju ke tempat wisata cukup mudah, parkir luas dan biaya masuk 5rb per orang"
"Eddy Ishariadi Soekardi","kebersihan perlu ditingkatkan distribusinya gak tercantum harganya"
"Rina Hartatik","Selalu ada hikmat dari setiap ciptaan Allah"
"ali ardhiputra","Tempatnya sangat bagus, sayang saat ini kurang perawatan, terutama MCKnya (airnya kadang nggak ada). Mohon maaf kepada pengelola."
"Ahmad Adifin","lebih terawat dan tertata, cocok untuk wisata edukasi generasi muda tentang budaya dan warisan leluhur"
"Yudha Sandika","Sepi pengunjungnya"
"Listi Awan","Tempatnya luas"
"Riny Andrya","Salah satu keajaiban dunia"
"Xko TJM","Lumayan rapi"
"Sandi eko rully tristiawan","Kayangan api sumber api abadi di tengah hutan jati"
"slamet widodo","parkir â­â­â­
Harga tiket â­â­â­â­
akses ke lokasi â­â­â­
toilet â­â­
Kebersihan â­â­â­"
"Putut Prabowo","Pembuatan wahana wisata religi dengan konsep yg kurang baik..ğŸ˜"
"Febrianda Wilasari","tempatnya bersih"
"Ephie ChanAi","Lebih seru dan menegangkan berkunjung saat malam hari."
"Amin Wiyanto","Bagus tempatnya nyaman strategis mudah di jangkau"
"shokib ahmad","Sangat mengesankan...ini termasuk salah satu warisan leluhur yang patut di lestarikan dan di jaga"
"Dul Ham","Bagussssss"
"Siti Nur Afifah","Semakin bagus ya sekarang wisata kayangan api nya ğŸ˜"
"Toyib","Bagus tempatnya adem enak buat jalan"" ngopi"""
"R","gak nyesal jauh2 kesini"
"deglongs","Lumayan"
"indra wina","Keindahan budaya wisata kayangan api yg saat bagus untuk di kunjungi"
"Achmad Jaenuri 008","Tukang jossss"
"Sri Ambar Wati","Eh sekarang tempat nya malah makin bagus"
"Imran Amrilah","2014 kesini dan baru nemu lagi fotonya, emang bikin nostalgia sih api abadi ini."
"iam. ida","Jalannya sudah bagus, tapi agak berkelokÂ², tiketnya lumayan terjangkau, ya seperti wisata sejarah pada umumnya"
"Mr Rius","Adeem"
"Habibi Qolbie","Angling darma"
"DENY HENDIK ANGGARA","Alhamdulillah"
"Juwarti 7","Parkir luas, tempat bersih, mushola bersih, toilet bersih."
"Abdillah â€œBRADELâ€ Ashary","Bagus dan keren bisa bakar jagung juga di situ"
"Ahmad Sholikhin","Teduh banget pokonya nyenengin"
"Hifa Sari channel","Lokasinya sangat nyaman sejuk Haga tiketnya sangat terjangkau keajaiban alam yg haqiki ğŸ”¥ silahkan yg mau mengunjungi nya di jamin tidak menyesal"
"Sual amoh","Bagus banget pokok nya.."
"Toni wahyudi","tempat-tempat yang indah"
"So Pii","Waw...apainya abadi..tiada..mati walaupun hujan....sungguh luar biasa"
"Herry Nur","sungguh menakjubkan wisata alam kayangan api cipataan Allah SWT yg apinya Gak pernah padam walaupun ad hujan sekalipun ğŸ‘ğŸ‘ğŸ‘"
"Pain Wong","dri sini la saya jadi tahu sejarah"
"Mr Sunoto","Siip"
"Mohammad Mariyono","Sangat membantu sekali bagi pelancong ..."
"Imron Rosadi","Mengetahui dan Menghargai sejarah leluhur perlu utk generasi sekarang.Tempat yg layak utk dikunjungi saat libur.yg suka nuansa magis silahkan kemari.hotspot Poto suasana kerajaan pas bener utk memainkan kamera.Fasilitas pendukung ok banget (toilet,mushollah,penerangan ,jajanan sederhana .Jalan masuk beton dan penerangan jalan ada.Aman dan menyenangkan.Sini yukk kapan2.."
"Rico Wj","ğŸ”¥ğŸ”¥Kayangan ğŸ‘"
"PUR wanto","Butuh sentuhan kreatif,
Agar semakin berkembang,
Dan bisa menjadi alternatif lokasi santai serta santuy"
"Subiantono fd","Lumayan sih, kedepan bisa di tingkatkan kembali terkait pembangunanya, bisa meniru ciri khas bali"
"Dian Dee","Tempat wisata di bojonegoro"
"Umar Hasan","Mantap menenangkan dan bikin betah ğŸ˜"
"Selvi Yang","Wisata kayangan api,, satu tempat wisata yg layak utk dikunjungi, diyakini api tsb sdh ada sjk jaman majapahit dan digunakan oleh mbah kriyo kusumo utk membuat benda""pusaka,dan mbah kriyo sejak pindah kehutan ini berganti nama menjadi mpu supo , keris yg di buat beliau sgt terkenal.
Tak jauh dr api abadi ada sumber air yg mendidih tp tidak panas, air tsbt tdk pernah meluap sekalipun hujan begitu jg dgn api tdk pernah padam sekalipun hujan,
Air dr sumur blekutuk itu dgunakan utk menyepuh benda""pusaka buatan mpu supo,
Mpu supo diyakini moksa d tmpt tsbt,
Utk mencapai wisata kayangan api tdk sulit krn jalanannya cukup bagus,,recomended bagi para pecinta kejayaan tempo duluğŸ˜˜ğŸ˜˜
Tersedia jg bbrp pondok utk santai,,"
"YAIMIN MPd MAEd","Wisata alam yang sungguh menakjubkan dan mempesona. Ketika memasuki halaman parkir yg cukup luas... Kita akan merasakan suasana zaman kerajaan. LUAR BIASA"
"Bambang Sriwahyudi","Mantap, seperti mengingat masa lalu.."
"nur hidayat","Wisata edukasi yg menarik"
"Ollan â€œtri oktaâ€ Diaz","Mgkn pemkab bisa di tambah fasilitas tambahan wisatanya"
"nkwrdn","kurang pengelolaan"
"Ria Qomariah","Waktu kesini pas hari kerja jadi ya nggak terlalu rame ,"
"nadira hamida","Karena kesini pas hari kerja jadi ga terlalu rame ğŸ™‚ jalan mulus, lokasi luas, good lahh pokoknya ğŸ¤—ğŸ˜Š"
"Aries Saja","Api abadi"
"Herrie Schupriyantho","Menurut Catatan Sejarah, Api Kayangan diyakini telah ada sejak lama, yakni dari zaman Kerajaan Majapahit. Waktu itu, api tersebut kerap digunakan sebagai tempat pertapaan oleh seorang Petapa sakti.
api tersebut muncul setelah petapa tersebut pulang dari tempat pertapaan. Waktu itu ia membawa sebuah api dari hutan dan langsung menyalakannya di dekat tempatnya bertapa, yaitu di lokasi Api Kayangan saat ini."
"Sarmento SP","Nice... Tempatnya sejuk banget Cuyy

Jalan menuju lokasi sangat bagus & mulus"
"Andre Alvis Z P","ğŸ”¥ğŸ”¥ğŸ”¥"
"Rumah Pengarang","Wisata ikonik di Bojonegoro"
"Suprapto78","Suka sekali, tempatnya sejuk,  berlokasi di tengah2 area hutan, bernuansa jaman kerajaan, dan jalan menujunya sudah cor semua, muluuus..."
"Musanto Adi","Nyantai nyaman"
"Ahmad Yusuf","Rasanya tak di ragukan lagi"
"Kriswakanu","Wisata keluarga untuk sekitar wilayah Bojonegoro yang wajib anda datangi. Akses jalan sudah sangat nglenyer alias mulus."
"Juliawati Sugiono","Kesini malam minggu.... Suepiii ga ada orang selain kita. Ini mah wisata uji nyali, namanya. Mana ada suara batuk ga keliatan orang, bahkan juru kunci juga ga terlihat. Ada pohon yg 1 dahannya aja bergerak sendiri. Entah monyet, entah ular, entah... Hiiiiii, ngacir aja deh.  Masukan ya buat pengelola, lampunya diperbanyak, khususnya di tugu keris. Untuk di candi2 keliling api mungkin bisa dipasang lampu di bag belakang atau samping atau bagaimana yg ahli lampu/desain mungkin lbh ngerti, supaya lebih terang tapi tidak menghalangi pencahayaan dr api abadinya. Juga ke arah blukutuk. Kami mau kesana ga jadi saking seremnya suasananya."
"sismadi madi","suka itu"
"Eko Nahkoda","Bagus Dilihat Pada Malam Hari...Apinya Kelihatan"
"Mas Enthus Susanto","Langka unik"
"mux mux","lokasinya adem.. sementara tutup jam 21 dikarenakan jam malam"
"Shanty Sisbiantoro","Tempatnya keren.."
"maesirn sirn","Sangat menarik dan recomended untuk para wisatawan. Disini ada api abadi yang tidak pernah padam dan sangat langka keberadaanya. Selain itu juga tersedia oleh khas Bojonegoro yg berada di pujasera kayangan apiğŸ”¥."
"Erwin Setiawan","Ntaps, tenang jauh dari kebisingan..
Alam memang luar biasağŸ¤ŸğŸ˜..
Fasilitas cukup lengkap, sangat terawat pula..
Salut buat dinas terkait, masyarakat sekitar, serta pengunjung yg ikut menjaga tentunyağŸ™"
"Teko Teko","Udaranya sejuk alami"
"bim bim","Keren"
"Susilo Songolimo","Mantafff kalo difoto malam hri"
"Minarto R.Wahono","cuman hanya ada api yang belum pernah padam"
"PARLAN SH MKn","Sip"
"Alvian Amada","Meyenangkan"
"muhammad irfanto","kahyangan api"
"izaaa","Akses jalan enak. Tiket masuk murah cuma Rp. 7.000
Sayang kurang banyak penjual dan kurang gazebo buat santai keluarga.
Saran saja lebih baik ada yang menjual sovenir khayangan api"
"mr. kempong","Kenapa map nya koq gak sesuai jauh2 dari pasruan mala nyasar ngikuti map.nyağŸ™ğŸ»"
"Andy Syahputra","Lokasinya asri banget. ."
"Febri","Wana wisata yang nyaman dan asri"
"party mrs","Keren
Melestarikan Peninggalan leluhur
Cerita leluhur dan menghidupkan ekonomi sekitar"
"ziz emi","Nyaman"
"Samsul Hadi","Sejuk, Cocok buat refreshing"
"Ary PrasEtio","Tempatnya sangatlah rindang"
"Aglea 24","Bagus"
"Aniva Rosyadi","Bisa dijadikan wisata edukasi dan outbound..."
"Karmuji ,","Sayangnya kurang terawat"
"Syamsiah Bunda fidia","Tempat untuk outbond bersih ,luas,dan nyaman.."
"Kaji Renggo","beautifull view"
"ian ibrahim","Malam buka tapibtempatnya ngeri2 sedap lewat hutan malam gelap swepi"
"Hasto Aryo","ğŸ‘ğŸ‘ğŸ‘"
"Ana Savira","sudah lebih baik dan bagus"
"Suharno Harno","Cukup menarik  wisata disitu.bisa utk ketenangan pikir  ..sambil menelusuri kisah terjadinya api abadi .."
"Parwito Sholeh","Perlu dilestarikan biar apinya tidak susut kobar annya"
"Pakdhemust ID","Tempat yg menarik untuk dikunjungi,  sebuah keajaiban alam api abadi yang tak pernah padam, dengan lingkungan alam yang masih asri"
"Bimantara 10","keren semakin bagus"
"anaz Mtc009","Luas nyaman cocok buat kluarga"
"Arya Trans","Bagus"
"Arif Adikara","Eksotis dan sejuk"
"Gus Alim / Hartatik","Mengesan kan dan banyak kenangan disini"
"Captain Mika","Suasananya agak mistis. Cocok buat yg suka mistis."
"Ketut Riagung","Tempat bersejarah jaman kerajaan majapahit,,tempat menempa tosan aji dan meditasi leluhur terdahulu salam rahayu"
"Agung Prabowo","Great night tourism"
"22. Tsaaqib Ibrahim R","Tiket masuk weekdays 7.5k Parkir motor 2k
Mempunyai mushola, toilet khusus disabilitas, ruang laktasi, dan tempat yg nyaman"
"agus darmawan","Nice, adem.. Jgn terlalu lama deket api bau belerang"
"CMChinaé£ä½¿æœƒ","Suasana malam cukup memberi kesan mistis. Pohon2 jati ratusan tahun usianya dibungkus kain putih dan sorot lampu membuat pohon2 itu tampak gagah dan berwibawa. Sayang ulah para pengunjung yg kurang bertanggungjawab masih terlihat di sana sini dengan ceceran sampah2 sisa minuman. Penjaga yg tidak memberi karsis resmi menjadikan tempat itu spt kurang koordinasi."
"Sunarto Riwayadi","Alhamdulillah...pesona api alam khayangan Bojonegoro sangat menakjubkan"
"Denok Moko","Menakjubkan, dan puas banget"
"Mace Ch","Kayangan api bojonegoro....api abadi"
"Riza Triwibowo","Wisata api abadi yang ada di kota bojo5"
"eko hardiyanto","Sebagai salah satu destinasi wisata, tepat jika dijadikan wisata edukasi sejarah. Tempat (Situs) lokasi yang dapat dilihat tidak hanya 'api abadi' saja namun ada juga sumber air belerang, tempat2 pembuatan Keris, rumah2 tempat lokasi semedi serta banyak titik pembelajaran dan tentunya berswafoto yang apik. Kawasan Ini sudah sangat rapih dan tertata akses ke lokasi yang mudah dan lancar (jalan beton dengan petunjuk Arah yang dapat dijadikan wisawan sebagai petunjuk... Selain menggunakan google maps) untuk sinyal menuju lokasi sangat lancar walaupun lokasi di dalam hutan anda tidak perlu khawatir akan sinyal :) pastikan anda melihat salah satu keajaiban dunia versi Bojonegoro..."
"Imam Gozali","Indah dan bagus serta salah satu situs budaya di kabupaten Bojonegoro yang sangat bersejarah"
"Pak Mulatik","Kurang tertata tapi udah baik"
"deby madiatiningtyas","Beneran Hot. Just Like Negara Api."
"Ari Mahola","Bagus bersih...."
"gust salim","Good place to visit"
"mey mey","kurang bersih sih.. yg area sumur itu.. trus rumah"" itu agak kotor"
"Dwi Payana","Sangat menyenangkan..."
"Efendi Santoso","Ska"
"davied rasta","Nyaman tempatnya"
"Cahyo Mei Riyanto","Untuk pecinta sejarah sip dah"
"moh amin","Malam lebih bagus sebab pijaran api sangat jelas.. Namun tidak seramai siang.. Dan malam agak sulit Berswafoto.."
"pro3 rrimanado","Bagus u tuk blajar"
"Achmad Ariadi","Hening damel ritualan"
"Aixist Adistya","Mencapai kedamain malam. Di kesendirian.."
"deddy wachid","karena PPKM hanya bisa sampai di luar saja"
"Aprilia Riskawati","Salah satu wisatanya kota bojonegoro yang terkenal dengan api abadi yang tidak padam walaupun terkena air hujan dan di sini terdapat  air blekutuk yang baunya seperti belerang, wisata ini berada di kawasan hutan yang rindang dan sejuk"
"Gubuk Reyot","Subhanallah"
"fajar mub","Perjalanan dari kota bojonegoro kurang lebih 40 menit via dander, untuk siang hari api tidak nampak jelas karena api berwarna biru, perjalanan bisa dilakukan dengan mobil ataupun sepeda, tempatnya bagus bersih, kasih penjaga yg aktif dong pihak pengelola,  krn msih bnyak tangan jahil yg melakukan corat coret di dinding ( vandalisme) , untuk kebersihan ok , kita semua harus menjaga jika berkunjung jangan corat coret apapun."
"Zat Mico","Cahaya penerang........."
"akhmad rian prasetyo","tempat bersejarah"
"Reni Dermawanti","Kurang menarik tempat nya. Summer api dan sumur belerang nya jg kurang dirawat."
"Birin Sudrajad","Bersih... Pohon rindang dan pedagang serta petugas yg ramah"
"sukardi imron (Imron)","Tempat bersih suasana nyaman dan tenang"
"Shayha Shu ka","Sangat senang"
"Nofika","Kalau daftar keajaiban dunia bisa di tambah, saya merekomkan kayangan api sebagai salah satunya.

Mengapa?
Karena tempat ini menyimpan sejarah, tempat ini ada api abadi, tempat ini sangat elok ada di tengah hutan, tempat ini nyaman membuat hati tentram, dan disini penduduk sekitar sangat ramah dan bersahaja.

Kayangan api merupakan salah satu icon dan tempat wisata kebanggan Bojonegoro

Pemeliharaan tempat ini juga bagus dan kebersihan terjaga. Di lengkapi tempat parkir, pujasera, mushola dan juga toilet."
"Rizki S","Buktikan sendiri"
"Arief Suryawan","Masuk ke tempatnya jalan paving block
Paa kmrn kesana sepi asik banget"
"Agoes RS","Wisata alam ini cukup menarik untuk WisLok,perlu penanganan yg lebih baik agar diminati"
"Rendra Prasetiawan","Keren perlu ditingkatkan promosi fasilitasnya"
"Habib story","Kereen"
"Wahyu Puji","Kebersihanxa terjaga n sejuk ,selain jalan"" jga bisa nmbah pengetahuan n mengenal sejarah"
"sultan maharani ramadani","Tempat nya woowww bgt...  ğŸ‘ğŸ‘ğŸ‘
Akses jalannya juga sdh baik..
Monggo PINARAK BOJONEGORO ğŸ˜ŠğŸ‘ğŸ™"
"Nurhuda Santoso","Menurut aq sih biasa aja.
Harga tiket nya mahal 7500 per/orang."
"Yadi Nabil","Cukup baik"
"shafyna juan diary","Wisata alam yang bagus utk keluarga n edukasi anak. Tempatnya bagus , jalan menuju kesana juga bagus. Oh ya jangan lupa lihat video kayangan api di youtube channel Shafyna Juan Diary . Subscribe like n share ya..Terima kasih"
"UD Sumberarum","Ma syaa Alloh,. La quwwata illa billah"
"ahmad bani","Bagus.. Tempatnya.."
"SISWO CHANNEL","Wisata Alam Legenda Bojonegoro"
"Bagus Satria","Tempat wisata hits khas ikon Kota Bojonegoro. Api abadi yang tak pernah padam. Selain wisata, sering digunakan juga untuk acara adat tradisional tiap tahunnya. Belum ke Bojonegoro kalau belum kesini. Waktu tempuh sekitar 30-45 menit dari pusat kota."
"PURWOKO BE","Tempatnya kalo siang eksotis dan malam harinya..... hmmmm"
"Hidayat kariem","Tempat wisata yang sangat menarik, bernuansa alami, juga tersedia musollah, toilet, warung makan dan minum,, dan yg lebih menarik lagi telah di persiapkan AHLI TERAPI BEKAM dan PIJAT URAT."
"Fitra Luqman Hidayat","Lokasi unik, tempat bersih"
"reni handayani","Tempat yg nyaman buat bersantai bersama keluarga, selain itu juga tempat bersejarah dan bisa memberikan wawasan pada generasi penerus"
"Mochammad Eko Romadhoni","Alhamdulilah ini adalah wisata yg jarang ada di dunia
Hanya ad abeberapa tempat saja sumber api abadi yg bisa keluar dari dalam perut bumi langsung"
"asro abdih","Lumayan nyaman. Senyap, tidak terlalu ramai. Cocok buat yang nyari ketenangan"
"mBahmBong","Keindahan alam yg patut di jaga dan dilestarikan,,"
"Dwee Atmowiyono","Bagus. Asri"
"Lereng Lawu","Tempat nya sejuk, buat nyantai sekeluarga dan edukasi anak anak untuk mengenal sejarah dan budaya"
"Yunias Pujianto","saya kesini mengisi waktu luang liburan pada saat covid meski sepi pengunjung tempatnya nyaman"
"Wong Jowo","Sangat cocok untuk meditasi"
"Athoillah Elfauzi","Mantap2 enak"
"Nova Rahayu Ardianto","Tempatnya bersih,nyaman tapi panas banget padahal itu sampai sana sore hari
Tapi senang karena ada pendopo bangunan lama seperti mengingat sejarah"
"BZS","Panas"
"moh muhin","pengalaman berkunjung kesini, tempatnya kurang terawat, pemkab harusnya memberi perhatian ekstra di tempat ini, mengingat salah satu wisata yang paling sering di kunjungi wisatawan di Bojonegoro.. akses masuknya juga sudah bagus jika dari kota, jalan beton,. semoga kedepannya bisa lebih baik lagi."
"eko wahyudiono","Bagus banget dan Alami"
"Deny Kurniawan","Bagus"
"Desila Fitriyanti","Tempat yang cocok untuk liburan keluarga dengan harga tiket masuk yang terjangkau. Dapat mempelajari tentang sejarah - sejarah kayangan api yang mungkin tidak banyak diketahui orang. Api abadi yang tidak pernah padam dan masih terlihat saat pagi/siang hari. Jika berkunjung di malam hari pasti api akan terlihat menarik. Kayangan Api buka selama 24 jam"
"Mamae Farel","Berkah Abadi"
"Nanang Setiawan","Tempat wisata yg wajib dikunjungi ketika singgah di Bojonegoro, khususnya di sore dan malam hari ğŸ‘ğŸ‘ğŸ‘"
"KAJI CHANNEL","bagus"
"22 _ Muhammad Ashari Avivi","Bagus bet"
"wahyu nur wahyudi","Nyaman buat santai"
"dhee","Sejuk dan hanya 30menit dari kota Bojonegoro.
Jangan lupa membeli kerupuk khas sini, dari ubi gerut orang lokal bilangnya. Kalau sore lebih indah dan semakin gelap api abadinya akan semakin nampak jelas. Disini aman juga unruk bawa anak-anak dan manula. Ada musola dan toilet."
"Febri Rozikin","Bagus"
"rendi antoni","Bagus & sejuk"
"IMAM HDA","Salah satu icon wisata dikota bojonegoro yaitu kayangan api (API ABADI) yang berada di kabupaten bojonegoro."
"Arjo Jeggex","Sangat istimewa tempat pariwisata dan religius untuk mensyukuri kebesaran Tuhan"
"Ichwan Riyanto","Saya dari Nganjuk dan pernah satu kali ke Waduk Pacal-Bojonegoro. Karena sudah sampai disitu, tiba-tiba ingin berkunjung ke ""Wisata Kayangan Api"" yang masih sekota. Tetapi tak dikira ternyata letak ""Wisata Kayangan Api"" sangat jauh, kira-kira 20an kilo meter dari ""Waduk Pacal"" yang pernah saya kunjungi sebelumnya sekian tahun lalu. Sebenarnya saya hampir putus asa karena sangat jauhnya tadi. Tetapi tanggung, karena saya sudah beberapa belas kilo meter melewati Waduk Pacal, maka setelah bertanya-tanya selama perjalanan disertai informasi tentang lokasi wisata tersebut oleh warga masyarakat tempat saya bertanya tadi, maka timbul rasa penasaran dan tetap harus bertekat bulat menuju lokasi tersebut.
Setelah jalan aspal yang saya lewati sampai pertigaan jalan paving ke kiri mengarah ke dalam hutan, maka saya berhenti sejenak disitu. Tampak  pintu gerbang yang berupa gapura. Disitu ada tulisan ""Wisata Kayangan Api"". Sayapun segera masuk mengarah kesana melewati jalan paving. Berhenti sejenak untuk membayar ongkos masuk, kembali saya teruskan perjalanan di atas paving yang akhirnya berhenti di parkiran mobil. Berikutnya : Bayabgkan sendiri keindahan hutan di Wisata Kayanfan Api."
"Sang Traveller","Bisa sebagai tempat edukasi, karena ada gas akam yang keluar, sehingga apinya menyala sepanjang waktu.
Tempatnya teduh, karena berada dikawasan hutan jati, dan sudah dikelola dengan baik."
"Harisukma 21","Kayangan Api Bojonegoro. Salah satu lokasi api abadi selain mrapen, dimana mrapen ternyata apinya sudah padam. Lokasinya lumayan terpencil di tengah hutan jalan alternatif cepu Bojonegoro. Apinya berasal dari gas alam dan bau belerang tercium disini. Masih gratis dikunjungi selama pandemi. Lokasinya juga termasuk sakral karena ada pertapaan. Mungkin harus mampir kalo lg menuju ke Bojonegoro ato Mojokerto dari cepu."
"Iwin Winarko","Bagus banget"
"Tyo Yoyo","kerja bagus"
"studio15 videography","Bagus"
"Agil","tempatnya bagus, petugas kebersihannya selalu nyapuin area sekitar, masuknya mumpung masih gratis"
"Mery_ Me","Tempatnya bersih, dan semua fasilitasnya bagus dan lengkap."
"Muhammad Ilmi Zain","Pgvzh"
"Nuning Kristinawati","Tempat nya msh ad sakral2 klo di sini..jd hati2 jg klo bicara...ğŸ‘Œ"
"putri mulyasari","Akses menuju tempat ini sudah mulus, bagus dan memadai, tentunya cocok buat kalian pecinta alam. apalagi tempat ini berada di tengah hutan. suasananya sangat nyaman. tempat parkir luas, toilet bersih, mushola, tiket murah, tentunya cocok juga untuk wisata edukasi. karena tempat ini sangat bersejarah, apalagi api abadi yang memang gak pernah padam. banyak juga penjualan makanan khas daerah dan oleh oleh"
"Raditya Daffa","Tempatnya bersih,masih asri,pengunjungnya jga gk terlalu banyak,keren apinya ya gk pernah padam..."
"nailul maghfiroh","tahap perluasan tempat wisata juga."
"ABDUL KHARIS","Tempat yang bagus, tenang n yg pasti tempat bersejarah titipan leluhur jaman dulu... Harus di jaga n rawat bersama ğŸ™ğŸ™"
"iid badry","Ada api abadi.. Keajaiban nanture"
"Reno Vernando GG","Nice , api abadi"
"harunas","Sayang, waktu kesana area nya di tutup karena covid - 19"
"Vin Al","Tempat yang nyaman dan bersejarah. yang suka tempat alami, sunyi. kuy kesini. masih asri ditengah hutan jati"
"Ardian Murdianto","Yo Bojonegoro! Salah satu destinasi wisata di Kabupaten Bojonegoro yang berlokasi di Kecamatan Ngasem, Bojonegoro. Katanya dari cerita yang saya dengar, disini api abadi dan ada sejarahnya juga, dimulai dari empu pembuat keris pusaka dari jaman kerajaan Majapahit yang menyepi disini dengan nama samaran karena beliau tidak ingin diketahui identitasnya. Oh ya api abadi disini dulunya digunakan empu tersebut untuk membuat keris, disini ada juga banyu blukutuk ataupun tempat buat menyepi (pondokan pondokan kecil).

Untuk fasilitas disini juga dikatakan cukup baik seperti mushola, pujasera, pendapa pondokan buat menyepi, tempat parkir luas bahkan toilet untuk difabel dengan tempatnya yang bersih (diharapkan juga kesadaran pengunjung untuk buang sampah ditempat sampah yang disediakan).

So far so good, karena sepanjang perjalanan kesana banyak pepohonan yang asik dan juga bisa dijadikan spot foto sama suara burung juga ada. .

Oiya kalau bisa, jalan menuju lokasi wisatanya diberikan sign system biar memudahkan orang yang mau kesana, biarpun ada Google map dan gapura besar yang menandakan lokasi masuknya, tapi akan lebih baik ada sign systemnya. Dan patuhi protokol kesehatan ya bosku.

Go Bojonegoro Go!"
"Fajar Sumanto","Cantik"
"ADLEIO","Tempat strategis"
"cak prie","Tempat wisata yg nyaman, asri,bersih,murah dan alami
Akses jalanya bagus"
"khozen anwar","keajaiban dunia ada disini... mr brsama sama utk merawatnya"
"Maz Gantenk","Wisata alam, api abadi"
"Nursetianingsih Ningsnur","Tempat nya bagus"
"Rowi Baradaya","Wisata lokal. DAMAI dan bersejarah."
"Riez Ardianto","Mungkin pemkab Bojonegoro bisa menambah out Bond d lokasi tersebut"
"Koma Komaruddin","Wisata alam gratis"
"SINGO JOYO BOJONEGORO","Sangat membantu jalur singkat"
"BiiZRii Cuy","Bagus"
"triyono arif fianto","Situs bersejarah"
"Joko Liek Toyota","Bagus"
"Darwanto pendeng","Sejarah tentang empu supo...jaman pembuatan keris"
"Yogi pangestu Aji","Bagus dan penuh dengan cerita"
"Wulan Rahma","Jangan sekali-sekali melupakan sejarah."
"Agus Supriyanto","Wisata alam"
"TEGUH KURNIAWAN","ğŸ‘ğŸ‘"
"Tiyok Grey","Bagus tempatnya, msi alami, msi perlu dikembangkan"
"Prayogi Lawu","Mantulll"
"Kandang HEJ","Bermakna"
"Ari Cahyono","Indah"
"satria jagad","Tempat bagus rapi..nyaman  dan banyak  tempat teduh lagi"
"Muhammad Kusaini","bagus n bersih menambah ketebalan iman akan kebesaran Alloh S.W.T...."
"Sunarko Sunarko","Cantik"
"Hari Yono","Sangat bagus"
"fito bonex","syahdu..."
"RA&T","Tempatnya bagus dan penuh sejarah"
"joe lianto","Tempat bersejarah yang menarik untuk dikunjungi"
"Junbin 29","Wisata bojonegoro"
"aditiya Pratama","Ok mantaPN"
"Mario Kalalo","Salah satu landmark bersejarah di wilayah bojonegoro.
Api terus menyala selama bertahun-tahun sejak zaman kuno.
Di sinilah pandai besi legendaris ""Empu Supamati"" membuat keris legendaris Indonesia ""Keris"".
Itu direnovasi oleh pemerintah setempat sehingga sekarang terlihat lebih rapi & bersih."
"aning wulandari","Asyiiik tempatnya"
"Achmad Muid","pemandangan seru
udara sejuk
alam terbuka!"
"Pake Isa","Tempatnya teduh, cocok untuk bersantai dengan keluarga. Banyak gazebo untuk istirahat"
"Aji Saketi95","indah"
"Arief Santoso","Bagus ... Tambahi spot Foto supaya tambah ramai"
"Roger Alfredo","Tempat makanan"
"Sony Julianto","Wajib dikunjungi bagi yang tinggal di Bojonegoro dan sekitarnya"
"Rodex Pro","(Cenel YT Rodex Pro)
Tempat yang  langka,  beruntung Bojonegoro memilikinya."
"Nanang1234 1234nanang","Tempat bersejarah petugasnya sangat ramah"
"Achmad Atiq","Tmpatnya sejuk, apinya anget (asal jngan trllu dekat ke apinya). ğŸ˜ğŸ˜ğŸ˜cocok wes.
Warung ada. Toilet ada. Musholla jg ada. Lengkap wes. Joooosss.. ğŸ‘ğŸ‘ğŸ‘"
"fauzian noor","Tempat yang bagus dan alami"
"Bamz irawan","Bagus masih jadi destinasi no satu kusunya di dander sekitar"
"abied est","Buka 24 jam
Berkunjung malam hari sangat eksotis
Sambil bakar ikan suasana tambah mantaapp"
"Puspita Anggraeni","Khayangan api merupakan salah satu tempat wisata yang banyak didatangi oleh wisatawan karena keindahan tempatnya dan juga api abadi yang menjadi keunikan tersendiri"
"wahyudi yudi","Bagus kalau malam"
"anggi chun","Bagus"
"Rudi Hartono","Bagus dan keren"
"Yunan Fajerin","Kenangan"
"Semelehtenan Semeleh Tenan","Wisata alam yg indah dan mempesona"
"Satria Utama Channel","semakin bagus"
"haji sigit supranoto","Tempat yg sangat bersejarah Krn empu supo sang maestro pembuat keris yg terkenal dengan keris sengkelat"
"yudi saksono","Tempat bersih, saya pergi ke sana selama perjalanan bersepeda di pagi hari .. udara di sana menyegarkan .. dikelilingi oleh pohon djati .."
"Guruh Suriyanto (Bang Toyib)","Menakjubkan"
"CallMe Mell","Bagusss"
"DWI YUDITIYO","Akses lancar, jalan bagus, mencari objek wisata ini gampang sekali, rapih tertata ramah pengelola nyaa"
"Dedi Supriatna Naura","Rekomendasi wisata daerah Bojonegoro dan tempatnya lmyn bagus untuk dikunjungi"
"Ali Rohman","Karena tempatnya kelihatan menakutkan.jauh dari pemukiman"
"Siti Zulaikah Zulaikah","Siti Zulaikah.
Wisata Kahyangan Api ğŸ”¥"
"Agus Agus","alami"
"Firda Chan","Masuk ke dalemnya lumayan.
Sudah menggunakan protokol kesehatan."
"suwito","mantap... mampir yuk"
"Rangga Syaputra","Di sana saya Alhamdulillah mengetahui banyak informasi mengetahui sejarahâ˜ºï¸"
"MC TAUFIQ (MC Taufiq)","Lumayan tempatnya sangat tenang"
"Deni Indarta","Keren tempatnya"
"eko yudiantoro","Mantap tempat nya"
"Ulil Abshor","Tempat wisata alam di Bojonegoro"
"Fatwahani","Bagus untung mengenang dan tau sejarah kebudayaan Bojonegoro"
"Keluarga Louys Channel","Belum pernah Kesana???"
"hendra lendra","Panas, tp viewnya bagus
Mash proses renov"
"Nunuk Nuriyanti","Rekreasi yang meng edukasi serta terjangkau oleh ekonomi menengah ke bawah"
"FADILLAH KIROM","Tempat Legenda yg perlu kita pelajari dan kita lestarikan"
"moch arifin","Alhamdulillah sangat bermanfaat sekali bagi kita pecinta alam semesta ini"
"adie abdillah","Keindahan alami dan icon bojonegoro"
"Dewi Rokhil Putri Efendi","Enak sih.. bisa mengerti tentang alam dan belajar dulu sebelum kesana.. jadi banyak yang bisa di ceritain ke orang yang belum begitu paham.. sedikit panas tempat nya.. tapi ga papa emang kayangan api ya hehehe"
"Bugiyanto Raharjo","Wisata alam yang asri dan wajib dikunjungi"
"Bugiyanto Raharjo","Wisata alam yang asri dan wajib dikunjungi"
"Deodatus Dharmanta","Kurang banyak variasi hiburan.tempat bersantai kurang terawat"
"Mas Naja","Baik sekali"
"LPK-LN JAGAD DEWANTARA","Tempat ini sangat menakjubkan, api abadi yang melegenda & nyata peninggalan para eyang, kuasa Tuhan YME memberikan kepada orang-orang terpilih"
"Joe Adi Yuanda","Tempat wisata bersejarah. Tempat nya bersih. Ada musholla, mainan anak tersedia, pendopo bersih. Cocok buat liburan bersama keluarga. Makanan tidak seberapa mahal. Tetap mengutamakan protokol kesehatan. Parkir luas. Free masuk, karena masih masa transisi New Normal."
"Sri Purwanti","Sangat bagus dan masih sakeral"
"Kang Hoo","Tempat wisata alam yg unik"
"Nuril Huda","Masih tutup gara"" corona"
"Nuril Huda","Bagus saya suka"
"Unin Rosalini","Tahun lalu saat digelar pameran. Dan saya ikut berpartisipasi"
"Mochamad Khalimi","Tempat bersejarah, buka 24 jam,"
"Arief Abdurrahman Hakim","jalan akses bagus. tempatnya bersih dan rapi. atraksinya api dan kolam lumpur belerang. kayaknya kalau ke sini sebaiknya malam (kalau buka), buat foto2 malam hari

- agak jauh dari kota bojonegoro"
"simen keren","Tempat ini sangat saya sukai di wisata kayanyan api . Wisata Ita sangat menarik untuk saya"
"irma dwi","Sekarang lagi tutup karena ada corona"
"SuroDadu007","bagus"
"Aristia Putri","Disini anda akan melihat api abadi, tempatnya hening di kelilingi pepohonan, tempat ini di kelola dengan baik, kebersihan terjaga, harga tiket masuk terjangkau."
"Ffey Stw","Tempat bersejarah cocok untuk wisata keluarga,apinya tak padam walaupun hujan,klo kesini sebaiknya sore ke malam jd siang dapat malamnya jg dapat,bagus jg buat foto2,ad toilet dan mushola jg,warung jajanan jg ad klo laper g usah kawatir...."
"Muchammad Yunus","Murah meriah"
"elhasani pro","Bagus"
"Nanang sanjaya","Tempat yang nyaman buat refresing dan penuh dengan sejarah"
"yanto","Wisata relegius andalan Jonegoro,"
"Andy Explorer","Tempatnya teduh, oke bingit buat edukasi juga"
"PLAZA.CRYPTO","Kurang makimal diberdayakan"
"Yassin Arief","Tempat bersejarah yang tetap harus dijaga dan dijelaskan ceritanya pada anak cucu kita kedepan. Agar mereka mempunyai kebanggaan terhadap leluhurnya."
"adhika kurnia","Fenomena api yang terus menyala api abadi tidak akan pernah padam sampai kapanpun"
"roikhatul jannah","Tiket masuk yang terjangka dengan pemandangan asri hutan serta spot foto yang banyak"
"Mujiono Putra","Tempatnya asyik dan bersejarah"
"Eko Purharyadi","Mantul..."
"Luluk Nur Azizah","suka dengan tempat ini karena tempatnya sangat menyenangkan ...tempat ini sudah sangat berubah tidak seperti dulu lagi."
"Win Win","Adem"
"Rachmat HE","tempat wisata yang bagus untuk dikunjungi.
jalan menuju lokasi ok, tidak rusak dan cukup lebar.
pemandangan khas hutan jati.
tempat parkir di area luas, ada warung2 untuk makan dan minum. tiket masuk juga murah."
"Ahmad Masum","Keren cuyy"
"Deisy Tampi","Alam asri pedesaan"
"Robby irkham","Wisata langka, ada api tak pernah padam meskipun hujan turun dengan derasnya, recommended sekali untuk wisata keluarga, apalagi saat malam hari, api terlihat sangat jelas"
"agus fitra","Keajaiban alam"
"Wismo Supriyo","Fasilitas air dimalam hari TIDAK ADA"
"Muhajirin Newbjn","api tak kunjung padam"
"Gatot Admojo","Keajaiban alam ...kebesaran illahi"
"Ian Blue78","Tiket murah,bersih cocok untuk wisata edukasi"
"Agus Budiyanto","Tempat wisata yang terjangkau buat keluarga."
"arshaka chio","bagus"
"mamamia queen","Tempat yg luar biasa... Api abadi dr perut bumi.
Lebih bagus bila datang pada malam hari..."
"Asep Ali","Tempat wisata yang cukup unik, perlu rasanya yang sedang mampir di bojonegoro untuk sempetin kesini. Akses ke lokasi cukup bagus. Tempat ini buka 24jam jadi mungkin kalo datang malem lebih ngena lagi suasana perapiannya tapi ini ditengah hutan ya lokasinya."
"SUPER DITO","Fasilitas kurang memadai"
"Andalan ulul albab Machfud","Bagus, masuk hutan, kalo malam pasti deg degan"
"Dyah Pras","Bener-bener gak padam apinya, walau kena air. Ada pohon cinta ğŸ˜†.
Kalo pas gak ada event, sepi banget disana, penjualnya juga cuma ada satu dua orang.
Tapi ini tempat yang perlu dikunjungi, bagus banget kok tempatnya."
"Rania Bunda","Apinya memang keren..."
"Steve Saja","Tempatnya mudah, terjangkau dari kota Bojonegoro, lokasinya nyaman dan nyaman buat kekuar."
"Hadi Suyanto","Mistis"
"Dian Permata","Kayangan Api is one of the tourist attractions in Bojonegoro which has a good view, there is an eternal fire, many food vendors.  One of the most memorable is eating corn that is burned using eternal fire"
"Dhani Ismunarto","Oke"
"heru to","legenda"
"Slamet Nuryadi","Bagus.. Terus menerus diperbaiki.."
"Imam Nawawi","Menenangkan fikiran dan untuk santai di waktu malam hari"
"Cah Regis 76 Dwi","Megis,,"
"Hafid Wibisana","Banyak perubahan yang bagus"
"yuki yuki","Tempat luas dan adem"
"kang opik","Jarak nya dari kota bojonegoro kurang lebih 30 - 45 menit"
"Warjianto Panca Wasono","Hmmm...mistis banget..."
"mas bro","Keren"
"mbahtur chanel","Wisata kayangan api Bojonegoro"
"Supri Adi","Tempatnya sudah tersusun rapi."
"imam m","akses menuju lokasi sangat mudah, tidak ribet dan gampang untuk ditemukan.. bisa untuk wisata pendidikan atau sekedar untuk liburan dan bersntui.."
"Agus Ardianto","Bagus tempatnya"
"Bank kalur","Apinya menyala terus"
"teguh tamtomo","Kalau boleh usul, dilengkapi arena bermain seperti flying fox, sepeda udara dll, insya@ akan lebih banyak yg berkunjung lagi"
"chris tian","Wisata alam api yg tak kunjung padam
Hanya ada dibojonegoro jawa timur"
"zul official","Cogan"
"Janoko s","Tempat wisata yg keren"
"Sawitri Listyaning","Tempat berlibur + belajar sejarah"
"Surabaya Pendingin","Lumayan bagus.."
"Lek Rudi","Sejuk indah asri alami.. Ramah"
"Yulianita sari","Saya menyukai tempat ini krna ini wisata desakuğŸ˜Š,dan sekarang makin maju wisatanya, Alhamdulillah ğŸ˜Š"
"Endang Satmiasih","Bagus....... Bedaaa bgt sama dulu. Sdh byk fasilitasnya, mungkin berlu ditambah kru bersih2nya, agar pendopo yg luas itu lantainya bersih.

Sepertinya cocok dan lbh ekonomis  juga disewa buat acara2 reuni, dll ... ( biar reuni tdk sekedar mkn diresto)

Akses kelokasi sdh bagus, jln di cor."
"Puji Setiyono","Bagus"
"Pakde Tok","Keren"
"Farida Syakip","Banyak org jualan,lebih bagus wisata waduk grobogan"
"Kak Shela","Tempat yang bagus, tempat Geoheritage di Jawa"
"Mr Roma","baik"
"Dwi Budiarti","Hanya lihat api, orang bakar jagung dan spot foto
Gazebo kurang tempat colokan kalau mau ngecas"
"Bagus Nur cahyo","Bagus,pohone gede2 jd rindang...tp kayaknya lebih bagus pas malem,apinya keliatan.."
"oto JR","Keren api abadi"
"FATHUR ROZI","Alam yg bagus"
"Dean Prapanca","Pariwisata yang bagus
Situs bersejarah yang bagus
Api abadi yang bagus
Cerita rakyat yang bagus
Orang baik"
"Kang udin","Pernah tau lewt tv ğŸ˜†"
"Pedot Productions","Tempanya enak ada api abadi yang tak pernah padam"
"kiki indriyanto","Api abadi dan tempat bersejarah di Kabupaten Bojonegoro"
"Muaz M S","Melihat dan mengunjungi salah satu keajaiban dunia yaitu api yang tak padam siang dan malam, di lokasi yang sepi, jauh dari keramaian, di tengah kebun jati yang rindang.
Tak jauh dari api, ada sumur air belerang, namun anehnya air tersebut tidak panas, padahal air tersebut seperti mendidih menggelegak mengelegak berbuih.
Bila ingin ke sini, bagus nya di waktu malam, karena api nya nampak jelas terlihat. Tapi datang di siang hari pun tak masalah.
Ada kopi kotok yang enak dan lezat dengan harga yang murah meriah dan patut dicicipi. Kopi kotok adalah kopi yang cara membuat nya, langsung digodog dengan air, lalu disajikannya cukup unik yaitu ada tumpahan kopinya dipiring kecil nya."
"Yudi Prasetyo","bagi penekun kebatinan.menarik dan excited disini"
"va iz","Siip"
"Dewi Meilianingtyas","Menyenang kan msh byk yg di perbaiki"
"Faiq Abdullah","Wisata Geologi dan sejarah, sangat recomended untuk penelitian"
"Wahyu Kuncoro","Auranya positif...
Parkir luas, nyaman
Kopi klotok nya mantab abis.."
"Rosalina Arifien","Aurax berasa kita kembli k jaman kerajaan........"
"trea xxx","tempat wisata yang keren ğŸ˜Š"
"Den Abdus","Unik dan bersejarah"
"Brilandien Nurazizah","Tempatnya teduh dan nyaman untuk disinggahi"
"Retno Kusumawardani","Kesana pas malam hari dan pemadaman pula. Tapi asyik, apinya jadi kelihatan jelas banget. Biarpun gelap tapi di dalam rame kok. Tapi ya tetap kalah rame sama hari biasa yang ga pemadaman"
"Adji Triana Dewi","Subhanalloh... Luar biasa.. Api nya tetap menyala walau hujan,  tapi sayang jalan menuju kesana masih diperbaiki"
"Achmad Agung Ferrianto","Wisata rekomendasi untuk tengah mak"
"Sigit Svn7","Tempatnya masih asri banget dan terletak di Bojonegoro tempat parkir sepada motor maupun mobil jg luas dan nyaman aman.semoga lebih modern lagi dan semakin ramai dan fasilitas SDH lengkap ada mushollanya .bravo Bojonegoro"
"hidayantos syams channel","Awesome great"
"Yoga Pratama","Kayangan api sangat bagus saya pernah kesana dua kali bagus"
"metodologi migascepu","Oke"
"Okyniko Rio","Wisata ini sangat menakjubkanğŸ‘ğŸ‘"
"Udon king","Mantap slur"
"taufik rifa'i","wisata kayangan api merupakan salah satu tempat wisata yang berada diwilayah bojonegoro jawa timur, disana terdapat api abadi yang muncul dari perut bumi."
"mey Siti","Sangat indah"
"Venhzea","Wisata ini sangat terkenal dan mungkin menjadi ikonnya bojonegoro. Di sini ada api abadi, pohon cinta, dan kawah kecil yang bergelembung gelembung. Untuk fasilitas sangat lengkap meliputi warung, musholla, toilet,dll. Kekurangan tempat ini hanya masalah jalan yang rusak bahkan sampai gerbang masuk."
"Ika Utaminingtyas","Sudah lumayan bagus,tapi akan lebih bagis lagi kalau di beri tanaman yang daunya tetap hijau saat musim kemarau.biar kesanya tetap teduh."
"Koweh Pesona","Yahud"
"Fachrudin Rezpector","dulu bagus, sekarang apinya mengecil ğŸ˜‚"
"Agus Hariya Saputra","Termasuk wisata edukasi yg bagus di kabupaten bojonegoro"
"Atien Susanto","ğŸ˜Š"
"Michelle Elysia Kurniawan","Keren"
"ard ner","Nilai nilai sejarah dan tempat yg sakral"
"Athom Anjalmoko","Nyaman,santai sejuk"
"Bambang Johannes","Api abadi"
"Ghony Salam","Ndeso.."
"Nurma Dwiyanti","Tempat wisata alam ( sumber api abadi) yang berlokasi diwilayah hutan di Kecamatan Ngasem. Akses mudah yakni jalan untuk menuju lokasi sudah beraspal dan sebagian sudah dicor beton,  lokasi bersih dan nyaman untuk wisata keluarga. Sangat cocok untuk edukasi budaya dan sejarah bagi keluarga dan anak - anak. Terdapat juga penjual makanan misalnya jagung bakar yang menawarkan pembakaran di api abadi sehingga akan menjadi daya tarik tersendiri bagi wisatawan. Tempat ini akan ramai dikunjungi saat hari libur sehingga jalan akan sedikit macet. Jika berwisata ke khayangan api jangan lupa jaga kebersihan dan sikap sopan santun"
"Anton Prabowo","Sayang belum booming.."
"teguh santoso","Bagus.."
"abdulloh mukafi","Tempat menarik untuk berwisata"
"Maryono Yono","Bagus...ğŸ‘"
"Ahmad Humaidi","Luar biasa"
"Timur Buntara","Panas.."
"erni fatmawati","Recharging mood banget kalau ketempat ini
Cuman bayar aja, udah bisa masuk, pemandangan alamnya, api yang nggak pernah padam, seru deh
Pulang dari sini mood sudah oke"
"Ika KArdika Sari","Udara masih segar...."
"mz_ fanany","Tempat wisata yang sangat menarik untuk dikunjungi... Karena ada unsur2 historis, budaya, dan fenomena alam. Hari libur&hari2 perayaan tertentu suasana ramai, tapi kalau hari normal sunyi. Saya sendiri yang kelahiran asli Bojonegoro, baru sekali berkunjung kesana di usia yang sudah kepala 3 ğŸ˜‚... Mungkin karena kurang adanya promo iklan ke masyarakat luas untuk memikat daya tarik masyarakat.
Sekian... Dan Thank's...."
"Agustinus Hatta","Ciptaan Tuhan yang luar biasa"
"Angga Glnt","Tempatnya asri sekali, karena banyak pepohonan. semoga kedepannya lebih baik"
"mahfud lejar","tmpate sejuk...."
"Eva Damayanti","Sejuk banget ğŸ‘ recom"
"agus ismail","Tempat yang bagus, bisa dijadikan edukasi"
"Julio Bagaskara","Berada di dalam hutan, wisatawan dapat menikmati perjalanan wisata di antara pepohonan jati, kemudian Anda berhenti di loket tiket dan langsung membeli tiketnya. Biayanya sekitar Rp 8.500 per orang. Setelah Anda masuk, Anda akan melihat gerbang dan dinding bergaya arsitektur Majaphit yang megah, menjaga api abadi di dalamnya.

Meskipun ya, bau belerang cukup kuat di dalam, itu masih tempat yang indah. Kunjungi kolam dan pohon yang saling dipintal benangnya, dan mampir ke pedagang lokal, di mana mereka menawarkan keripik singkong buatan lokal yang lezat. Kunjungi dan saksikan nyala api abadi yang terletak di tengah lokasi, di mana Anda dapat menghangatkan diri atau berjalan-jalan di sekitar api. Situs ini juga menawarkan banyak situs untuk fotografi. Oh ya, lihat-lihat dan cari penjaga situs lokal untuk memperkaya pengetahuan Anda tentang sejarah situs dan legenda lokal.

Banyak fasilitas seperti mushola, toilet, dan pedagang lokal yang menjual makanan dan minuman hadir di lokasi. Dan tempat ini ramah keluarga.

Saya merekomendasikan untuk mengunjungi situs ini pada sore hari untuk melihat nyala api paling terang."
"PUTRI KURNIA WIDIATI","Kurang terawat"
"kang somad","Fenomena alam yg luar biasa"
"Diah Fismala Septyaningtyas","Flying fox nya seru"
"Danu Tri Dianto","Sakral Place"
"Feri Indriyanto","Bagus sih lokasinya,apalagi jika datang diwaktu malam,cuma sayang tukang parkirnya kurang ramah"
"moh dwi Mahsuni","Wisata alam di Bojonegoro.... bisa bakar jagung langsung di api alam..."
"Satria Naga (Satria Naga)","Nyaman....akses mudah...  Parkir luas.. Suka...sudah sering kesini..."
"akhmad rianp","nyaman"
"risal kusuma","bagus"
"Mas Eko","Api abadi letaknya di tangah hutan sering di buat tempat pengambilan api untuk kegiatan olah raga"
"Fahmi Alfian Tonang","Sangat terawat, api bagus, tapi ada aura mistis"
"Feri Sudarsono","Tempat nuaman indah sayang akses jalan jauh dari jalan propinsii"
"Che Ghofara","Wisata alam"
"Andini Salsabilaa","Lumayan.."
"surya gemers","Icon kota Bojonegoro"
"wahyu sulistiyo","Sepi"
"imam wahyudi","Tempatnya sangat dekat dengan keluarga kami di desa itu."
"Romly pande","Peniggalan sejarah....empu"
"Tommy Lee","Tempatnya seru
Alam terbuka hutan2 enak banget
Harga masuk standard
Jalanan ke sana juga enak lancar"
"Nur ikah","Wisata yg benar"" tumbuh dari Alam"
"20_drg. Retno Dewi","sejuk, tenang, akses mudah baik mobil maupun motor, retribusi wajar, ada mushola, ada toilet."
"Mak Kar","Wisata murmer yg ada di Bojonegoro,tp memang daerah tandus jd ya panas..maklum ğŸ˜€"
"ari pardono","lumayan bagus"
"Muhammad Agung Firmansyah","Apik"
"Bambang Suwondo Rahardjo","Salah satu tempat wisata api abadi sepanjang tahun di Bojonegoro yg sering dipakai utk obor semangat Asian Games 2019"
"habib wahyudi","Tidak ada perubahan yang menonjol dari saya kecil sampai sekarang masih sama dan tetap istimewa dengan api abadinya. Alangkah lebih enak kalau kesana pada malam hari, bisa menghangatkan tubuh dan  bakar2 jagung di api abadi langsung."
"Lx Trisno","Semua tertata rapi,termasuk para pedagangnya"
"Nadiah Violandari","Suasana malam yg cerah"
"Dwi Gerimon","Bagus utuk pelepas lelah,toilet kurang bersih,apalagi musholanya yaa tak taulah.
Kayangan api ini situs sejarah yg dari dulu jadi icon bojonegoro,yg bila orang luar daerah datang kemari pasti terkagum kagum.ada api abadi,jalanan yg kurang terawat,toilet&mushola terbengkalai dan lagi ada air blekutuk yg kurang diekspose keberadaannya.
Tempat warung berjualan kurang terurus,jadi kurang bersih dan rapi.
Tolong dong pemkab bojonegoro memperhatikan tempat wisata ini.lumayan khan utk pamasukan PAD."
"Alfan Bainofi (Ruqyah Jember)","Cocok untuk foto berbackground api alami"
"Vian Hidayat","Wisata andalan di Bojonegoro dimana Wisata Alam, sejarah dan budaya jadi satu di sini. Anda dapat melihat fenomena alam yaitu api abadi / api yg terus menyala dalam kondisi apapun. Selain melihat fenomena unik tsb, Anda juga bisa melihat tempat pertapaan leluhur dan penempaan keris pada zaman dulu. Saat ini tempat di dalam kayangan api juga sudah di renovasi sedemikian rupi sehingga membuat pengunjung menjadi lebih nyaman. Di kawasan ini juga sangat rindang dan banyak pepohonan. Selain itu fasilitas sudah cukup lengkap dan nyaman. Tiket masuk hanya Rp 7500 dan parkir motor hanya Rp 3000"
"Dian P","Permainan anak tidak ada"
"Narto","Cantik"
"Azarine Firyaal","Sejuk, damai..."
