text,label
"Wisata Religius Yang Masih Mengedepankan Budaya Jawa, Tempat Bersih, Toilet Juga Bersih.",positif
"Pada saat berkunjung tidak memuaskan karena fasum (toilet) terkunci. Toilet yang di musholla lampunya mati dan kurang bersih. Segera diperbaiki agar wisatawan yang berkunjung tidak kecewa dan tidak kecewa

Bojonegoro matoh",negatif
Bagus,positif
Sangat bagus penuh nuansa religius serasa berada di zaman kerajaan,positif
Indah nan sejuk,netral
Tempat yang penuh dengan legenda,netral
"cocok buat yang pengen santai dari hirup pikuk kota sih karna emng masuk hutan kayu jati mantap lah
harga tiket masuknya murah cuman 7rb per orang itu udah sama parkirnyaa .. tapi dari gapura kayangan api ke tempat wisatnya juah bngt sampe ak kira nyasar hehe",netral
Wisata yg sangat bagus tuk mengenal sejarah&geologi alam....krn di situ ada gas alam&sejarah tempat empu tuk membuat keris,positif
"Dulu apinya kelihatan menyala membara..
Sekarang kurang kelihatan .. banyak batunya",netral
Klo Pengen Melihat Pemandangan Api Yang Menakjubkan Usahakan Dateng Malam Hari... Selain Itu Suasana Terasa Damai...! ğŸ¤²ğŸ¤²ğŸ¤²,netral
Masih asri,netral
Tempatnya sangat indah.. Sangat cocok untuk berwisata bersama keluarga....!!,positif
"Semakin indah dan lengkap fasilitasnya mulai toilet, musholla, spot foto, banyak pendopo jadi adem cocok untuk gathering dengan keluarga. Kayu jatinya besar. Bisa jadi pilihan wisata alam di bojonegoro biar gak bosan.",positif
Wisata budaya yang harus di lestarikan dan di promosikan Agar bisa menjadi icon yang membawa dampak ekonomi dan nilai historis,netral
"Tempat terdapat api abadi, sumur blukuthuk. Pernah ikut acara ruwatan massal pd thn 2020 cukup sakral, khitmad",netral
"wisata murah meriah, per orang cuma 7.500 lokasi yg instagramable, juga dikelilingi hutan yg asri.",positif
Memiliki spot2 yang tidak dimiliki wisata lain,netral
"Api yang selalu menyala walaupun hujan...
Wisata yang bagus dan perlu di informasikan dan dikemas dengan lebih menarik lagi agar wisata di bojonegoro semakin meningkat",netral
"Wisata api abadi, ada pendopo, ada kuliner nya.",netral
wisata sejarah empu disini,netral
"Tempat ini sangat cocok untuk kegiatan rombongan, terutama untuk anak-anak agar bisa belajar sejarah di Bojonegoro. tiket masuk wisata ini hanya sekitar 7.500 rupiah dan untuk biaya parkir hanya 2.000 rupiah.",netral
"Destinasi wisata sejarah yang dapat dijadikan alternatif pelepas penat. Harga tiket murah, akses jalan lumayan bagus, suasana sejuk dengan banyak pepohonan. Namun kebersihan harus lebih ditingkatkan.",positif
"Kalo bisa pedagang jagung bakar nya jangan bakar jagungnya di atas api ....disuruh di lapak"" karena merusak pemandangan bagi yg mau foto""",netral
"Kayangan api di Bojonegoro, tiket masuk klo ga salah 7500/org, parkir mobil 3000. tempatnya kurang di pelihara dgn baik, toilet kran airnya mati dan jorok , wastafel ada beberapa kran airnya yg rusak jadi airnya netes2.",negatif
Wisata jaman kerajaan yang patut di lestarikan dan dijaga kebudayaan nya,netral
tempat wisata alami. tempat yang asri,positif
"Sudah lama tidak mampir kesini, ternyata sudah banyak yang baru. Lokasi wisata lebih luas dan rapi. Tempat makannya juga sudah banyak dan bervariasi. Teduh banyak pohon rindang.",positif
Oke baget,positif
Review lengkap cek channel youtube : Bocah Keluyuran,netral
Good place to visit,netral
Hutan jati lebat dan api buat hangatkan badan/bakar jagung,netral
"Bukan masalah tempat
Jauh ataupun dekat
Yang membuat seru adalah
Kebersamaan..",netral
"Tempatnya bagus, bersih dan nyaman untuk piknik bareng teman maupun keluarga. Ada mushola dn wc yg cukup bersihğŸ˜Š
Paling cocok waktu sore gk terlalu panasâ˜º",positif
Malem yg penuh kehangatan ğŸ˜ƒğŸ˜ƒğŸ˜ƒ,netral
Tempat yang menarik untuk dikunjungi. Salah satu destinasi wisata sejarah di Bojonegoro yang memiliki potensi api abadi.,netral
Wisata edukasi namun harus ditambah dengan fasilitas publik bagi anak2,netral
"Tempat wisata kayangan api sangat cocok untuk liburan keluarga, tempatnya sangat nyaman teduh banyak pepohonan, dan ada sumber apin alam yang tak pernah padam",positif
Tempatnya rimbun . Fasilitas lengkap . Harga tiket terjangkau,positif
Wisata kayangan api berlokasi di Kabupaten Bojonegoro dengan tiket masuk Rp 7500 untuk dewasa dan gratis untuk anak-anak . Pengunjung bisa melihat keindahan fenomena geologi berupa api yang tidak pernah padam. Nyala api menyembul dari tumpukan batu . Sumber api dari semburan gas alam yang berasal dari dalam perut bumi. Pengunjung juga bisa melihat tempat pembuatan senjata pusaka dan tempat semedi (bertapa).banyak penjual makanan dan souvenir di sekitar lokasi,netral
Bersih,positif
Jas Merah..,netral
Tempatnya nyaman,positif
"Lokasinya adem bagus buat liburan tipis tipis,",positif
Yah begitulah .namanya publik area,netral
Tempatnya nyaman bersih,positif
"Lumayan bagus buat menyepi, lokasi nya juga bersih",positif
ğŸ‘ğŸ½,netral
Wisata historis. Tempat nya adem agak berkesan mistis karena memang di hutan. Tempat dulu menempa senjata pada zaman kerajaan Majapahit,netral
"Tempat wisata di Bojonegoro, dimana ada sumber gas dan nyala api, yg kemudian dikelola dengan baik sebagai tempat wisata. ",netral
"Tempat yang  layak dikunjungi.
Biaya masuk: Rp 7500/orang",netral
"Fasilitas lengkap... Saran buat pengunjung, pakailah lotion anti nyamuk waktu berkunjung... â˜ºâ˜ºâ˜º",netral
"Bersih,asri,saya nyaman ğŸ‘ğŸ‘",positif
Angkling Dharmo,netral
"salah satu tempat wisata yang ada di bojonegoro..
dengan tiket masuk 7500 dan parkir 3000...
ada juga tempat buat semedi di lokasi api yang tak kunjung padam..",netral
Lokasi  nyaman untuk bersantai,netral
"Bisa menambah keyakinan bahwa Allah SWT,akan menuntun kerohanian seseorang ,salah satunya berkunjung di kayangan api bojonegoro",netral
Tempat wisata kayangan api yang sangat fenomelal ğŸ™ğŸ™ğŸ™,netral
Cat nippon paint cat no 1 di Indonesia,netral
Perlu pengembangan yg lebih baik... Terutama fasilitas untuk permainan yg menarik.,netral
Bakar jagung di api abadi,netral
nyaman....gak panas...,positif
" Apinya ada bau nya guys, gak tau ya itu bau apa? Cuma menurut ku keren banget tempatnya. Karena ada sejarahnya tempat ini.",netral
 tempat nya cocok buat rekreasi tema sejarah,netral
"Cocok untuk wisata liburan keluarga. Semoga bisa lebih lebih dikembangkan lagi karena selain sebagai tempat wisata, tempat ini merupakan situs peninggalan prasejarah dari kerajaan majapahit.",netral
"Tempat ini termasuk wisata sejarah, ada kaitannya dengan Kerajaan Majapahit. Pernah menjadi bagian penting dari even olahraga nasional, sumber pengambilan api PON ke-... (maaf lupa). Saat ini masih terdapat bagian yang direnovasi. Akan bisa menjadi tempat wisata yang nyaman dan menarik jika dikelola dengan baik. Karena tempatnya di tengah hutan, faktor keamanan pengunjung kiranya sangat perlu diperhatikan agar peziarah merasa tenang, aman, dan nyaman. Wis ngono ae.",netral
"Kayangan api, Salah satu destinasi wisata di Bojonegoro. Terletak di Dander, lokasinya sekitar 19km dari pusat kota bojonegoro.
Parkiran Luas, Tiket masuk juga terjangkau.",netral
"Tidak recommended, tempat panas dan sepi. Terbengkalai, seperti tidak dikelola dengan baik.",negatif
Disarankan kesini sore atau malam hari. Selain menghindari cuaca panas juga kalau sore apanya kelihatan,netral
"Untuk obyek wisatanya cukup berkesan, tp sayang fasilitas pendukungnya terutama AIR di dalam toiletnya yg hrs di perhatikan...",netral
Teruskan berbenah,netral
tempatnya sejuk bersih dan mudah dijangka,positif
Salah satu rekreasi alam yang dimiliki Bojonegoro dengan fasilitas cukup memadai dan lebih eksotis lagi kalau datang pas malam Jum'at  mistisnya terasa,netral
Sangat bagus bisa untuk terapi segala penyakit,positif
Api dari alam yang terus hidup dan tidak pernah mati yang saat ini menjadi arena wisata di daerah Bojonegoro kita bisa melewati area api tersebut hingga sedekat mungkin dan kita bisa berfoto di situ. Di dekat api abadi tersebut terdapat sebilah keris yang beri tegak yang diinfokan bahwa pembuatan keris itu dengan menggunakan api abadi tersebut. Selain api ini abadi disana  juga terdapat kolam renang belerang yang infonya bisa bermanfaat untuk perawatan kulit. Namun disayangkan penataan area wisata itu masih belum maksimal dan tingkat attractivess nya masih relatif rendah,netral
Lumayan,netral
Tingkatkan promosi nya di medsos atau ke biro perjalanan. Fasilitas lumayan lengkap ada kios makanan dan oleh* tradisional.Bisa buat foto prewedding juga,netral
Apakah ini petilasan empu pembuat keris,netral
tempatnya penuh dengan sejarah,netral
"Wisata syarat sejarah. Bangunan rapi, bagus. Tiket std harga pariwisata.
Keterangan sejarah dll mgkn bisa lebih diperbanyak untuk menambah kesan dan interaksi.
Mungkin bs jg ditambahkan musik2 yg sesuai tema wisata atau mini teater yg terjadwal biar suasana tdk terlalu sepi. Beberapa bagian sedang dlm perbaikan. Kebersihan bisa lebih ditingkat lg agar lebih nyaman.
Aktif sosmed sbg media promosi.
Smoga sukses ...",netral
"Wisata yang bagus dinikmati pada malah hari, pancaran api abadinya sungguh ciptaan Allah Yang Maha Agung.",positif
"bagus tempatnya, mengenang sejarah banget, dan dingin, sejuk banget tempatnya. serasa kembali pulang ğŸ¤­â˜ºï¸",positif
Mantab bisa ada apinya,netral
"Salah satu tempat wisata keluarga di Bojonegoro yang wajib dikunjungi.

Merupakan salah satu iconic Kota Bojonegoro karena Obor Api Olimpiade diambil di tempat ini.

Akses menuju ke tempat wisata cukup mudah, parkir luas dan biaya masuk 5rb per orang",netral
kebersihan perlu ditingkatkan distribusinya gak tercantum harganya,netral
Selalu ada hikmat dari setiap ciptaan Allah,netral
"Tempatnya sangat bagus, sayang saat ini kurang perawatan, terutama MCKnya (airnya kadang nggak ada). Mohon maaf kepada pengelola.",negatif
 cocok untuk wisata edukasi generasi muda tentang budaya dan warisan leluhur,netral
Sepi pengunjungnya,netral
Tempatnya luas,netral
Salah satu keajaiban dunia,netral
Kayangan api sumber api abadi di tengah hutan jati,netral
"parkir â­â­â­
Harga tiket â­â­â­â­
akses ke lokasi â­â­â­
toilet â­â­
Kebersihan â­â­â­",netral
Lebih seru dan menegangkan berkunjung saat malam hari.,netral
Bagus tempatnya nyaman strategis mudah di jangkau,positif
ini termasuk salah satu warisan leluhur yang patut di lestarikan dan di jaga,netral
Semakin bagus ya sekarang wisata kayangan api nya ğŸ˜,positif
"Bagus tempatnya adem enak buat jalan"" ngopi""",positif
gak nyesal jauh2 kesini,netral
Lumayan,netral
Keindahan budaya wisata kayangan api yg saat bagus untuk di kunjungi,netral
Eh sekarang tempat nya malah makin bagus,positif
"2014 kesini dan baru nemu lagi fotonya, emang bikin nostalgia sih api abadi ini.",netral
"Jalannya sudah bagus, tapi agak berkelokÂ², tiketnya lumayan terjangkau, ya seperti wisata sejarah pada umumnya",netral
Angling darma,netral
Alhamdulillah,netral
"Parkir luas, tempat bersih, mushola bersih, toilet bersih.",positif
Lokasinya sangat nyaman sejuk Haga tiketnya sangat terjangkau keajaiban alam yg haqiki ğŸ”¥ silahkan yg mau mengunjungi nya di jamin tidak menyesal,positif
Bagus banget pokok nya..,positif
tempat-tempat yang indah,positif
Waw...apainya abadi..tiada..mati walaupun hujan....sungguh luar biasa,positif
sungguh menakjubkan wisata alam kayangan api cipataan Allah SWT yg apinya Gak pernah padam walaupun ad hujan sekalipun ğŸ‘ğŸ‘ğŸ‘,positif
dri sini la saya jadi tahu sejarah,netral
,netral
Sangat membantu sekali bagi pelancong ...,netral
Mengetahui dan Menghargai sejarah leluhur perlu utk generasi sekarang.Tempat yg layak utk dikunjungi saat libur.,netral
ğŸ”¥ğŸ”¥Kayangan ğŸ‘,netral
"Butuh sentuhan kreatif,
Agar semakin berkembang,
Dan bisa menjadi alternatif lokasi santai serta santuy",netral
"Lumayan sih, kedepan bisa di tingkatkan kembali terkait pembangunanya, bisa meniru ciri khas bali",netral
Tempat wisata di bojonegoro,netral
 bikin betah ğŸ˜,netral
"Wisata kayangan api,, satu tempat wisata yg layak utk dikunjungi, diyakini api ada sejak jaman majapahit dan digunakan oleh mbah kriyo kusumo utk membuat benda""pusaka,dan mbah kriyo sejak pindah kehutan ini berganti nama menjadi mpu supo , keris yg di buat beliau sgt terkenal.
Tak jauh dari api abadi ada sumber air yg mendidih tp tidak panas, air tsbt tdk pernah meluap sekalipun hujan begitu jg dgn api tdk pernah padam sekalipun hujan,
Air dr sumur blekutuk itu dgunakan utk menyepuh benda""pusaka buatan mpu supo,
Mpu supo diyakini moksa d tmpt tsbt,
Utk mencapai wisata kayangan api tdk sulit krn jalanannya cukup bagus,,recomended bagi para pecinta kejayaan tempo duluğŸ˜˜ğŸ˜˜
Tersedia jg bbrp pondok utk santai,,",netral
Wisata alam yang sungguh menakjubkan dan mempesona. Ketika memasuki halaman parkir yg cukup luas... Kita akan merasakan suasana zaman kerajaan. LUAR BIASA,positif
"Mantap, seperti mengingat masa lalu..",netral
Wisata edukasi yg menarik,positif
Mungkin pemkab bisa di tambah fasilitas tambahan wisatanya,netral
kurang pengelolaan,netral
"Waktu kesini pas hari kerja jadi ya nggak terlalu rame ,",netral
"Karena kesini pas hari kerja jadi ga terlalu rame ğŸ™‚ jalan mulus, lokasi luas, good lahh pokoknya ğŸ¤—ğŸ˜Š",positif
Api abadi,netral
"Menurut Catatan Sejarah, Api Kayangan diyakini telah ada sejak lama, yakni dari zaman Kerajaan Majapahit. Waktu itu, api tersebut kerap digunakan sebagai tempat pertapaan oleh seorang Petapa sakti.
api tersebut muncul setelah petapa tersebut pulang dari tempat pertapaan. Waktu itu ia membawa sebuah api dari hutan dan langsung menyalakannya di dekat tempatnya bertapa, yaitu di lokasi Api Kayangan saat ini.",netral
"Nice... Tempatnya sejuk banget Cuyy

Jalan menuju lokasi sangat bagus & mulus",positif
ğŸ”¥ğŸ”¥ğŸ”¥,netral
Wisata ikonik di Bojonegoro,netral
"Suka sekali, tempatnya sejuk,  berlokasi di tengah2 area hutan, bernuansa jaman kerajaan, dan jalan menujunya sudah cor semua, muluuus...",positif
Wisata keluarga untuk sekitar wilayah Bojonegoro yang wajib anda datangi.,netral
ğŸ”¥,netral
suka itu,netral
Bagus Dilihat Pada Malam Hari...Apinya Kelihatan,positif
Langka unik,netral
 sementara tutup jam 21 dikarenakan jam malam,netral
Tempatnya keren..,positif
Disini ada api abadi yang tidak pernah padam dan sangat langka keberadaanya. Selain itu juga tersedia oleh khas Bojonegoro yg berada di pujasera kayangan apiğŸ”¥.,netral
"Ntaps, tenang jauh dari kebisingan..
Alam memang luar biasağŸ¤ŸğŸ˜..
Fasilitas cukup lengkap, sangat terawat pula..
Salut buat dinas terkait, masyarakat sekitar, serta pengunjung yg ikut menjaga tentunyağŸ™",positif
Udaranya sejuk alami,positif
Keren,positif
mantap kalo difoto malam hri,netral
cuman hanya ada api yang belum pernah padam,netral
Sip api abadi,netral
Meyenangkan sejuk damai,positif
kahyangan api,netral
"Akses jalan enak. Tiket masuk murah cuma Rp. 7.000
Sayang kurang banyak penjual dan kurang gazebo buat santai keluarga.
Saran saja lebih baik ada yang menjual sovenir khayangan api",positif
Kenapa map nya koq gak sesuai jauh2 dari pasruan mala nyasar ngikuti map.nyağŸ™ğŸ»,netral
Lokasinya asri banget. .,positif
Wana wisata yang nyaman dan asri,positif
"Keren
Melestarikan Peninggalan leluhur
Cerita leluhur dan menghidupkan ekonomi sekitar",
Nyaman,
Cocok buat refreshing,netral
Tempatnya sangatlah rindang,positif
Bagus,netral
Bisa dijadikan wisata edukasi dan outbound...,
Sayangnya kurang terawat,netral
"Tempat untuk outbond bersih ,luas,dan nyaman..",
beautifull view,netral
Malam buka tapibtempatnya ngeri2 sedap lewat hutan malam gelap swepi,netral
ğŸ‘ğŸ‘ğŸ‘,positif
sudah lebih baik dan bagus,netral
Cukup menarik  wisata disitu.bisa utk ketenangan pikir  ..sambil menelusuri kisah terjadinya api abadi ..,positif
Perlu dilestarikan biar apinya tidak susut kobar annya,netral
"Tempat yg menarik untuk dikunjungi,  sebuah keajaiban alam api abadi yang tak pernah padam, dengan lingkungan alam yang masih asri",positif
keren semakin bagus,positif
Luas nyaman cocok buat kluarga,positif
Bagus,netral
Eksotis dan sejuk,positif
Mengesan kan dan banyak kenangan disini,netral
Suasananya agak mistis. Cocok buat yg suka mistis.,netral
"Tempat bersejarah jaman kerajaan majapahit,,tempat menempa tosan aji dan meditasi leluhur terdahulu salam rahayu",netral
Great night tourism,netral
"Tiket masuk weekdays 7.5k Parkir motor 2k
Mempunyai mushola, toilet khusus disabilitas, ruang laktasi, dan tempat yg nyaman",netral
"Nice, adem.. Jgn terlalu lama deket api bau belerang",netral
Suasana malam cukup memberi kesan mistis. Pohon2 jati ratusan tahun usianya dibungkus kain putih dan sorot lampu membuat pohon2 itu tampak gagah dan berwibawa. Sayang ulah para pengunjung yg kurang bertanggungjawab masih terlihat di sana sini dengan ceceran sampah2 sisa minuman. Penjaga yg tidak memberi karsis resmi menjadikan tempat itu spt kurang koordinasi.,negatif
Alhamdulillah...pesona api alam khayangan Bojonegoro sangat menakjubkan,positif
"Menakjubkan, dan puas banget",positif
Kayangan api bojonegoro....api abadi,netral
Wisata api abadi yang ada di kota bojo5,netral
"Sebagai salah satu destinasi wisata, tepat jika dijadikan wisata edukasi sejarah. Tempat (Situs) lokasi yang dapat dilihat tidak hanya 'api abadi' saja namun ada juga sumber air belerang, tempat2 pembuatan Keris, rumah2 tempat lokasi semedi serta banyak titik pembelajaran dan tentunya berswafoto yang apik. Kawasan Ini sudah sangat rapih dan tertata akses ke lokasi yang mudah dan lancar (jalan beton dengan petunjuk Arah yang dapat dijadikan wisawan sebagai petunjuk... Selain menggunakan google maps) untuk sinyal menuju lokasi sangat lancar walaupun lokasi di dalam hutan anda tidak perlu khawatir akan sinyal :) pastikan anda melihat salah satu keajaiban dunia versi Bojonegoro...",netral
Indah dan bagus serta salah satu situs budaya di kabupaten Bojonegoro yang sangat bersejarah,positif
Kurang tertata tapi udah baik,netral
Beneran Hot. Just Like Negara Api.,netral
Bagus bersih....,positif
Good place to visit,netral
"kurang bersih sih.. yg area sumur itu.. trus rumah"" itu agak kotor",negatif
Sangat menyenangkan...,positif
Suka,netral
Nyaman tempatnya,positif
Untuk pecinta sejarah sip dah,netral
Malam lebih bagus sebab pijaran api sangat jelas.. Namun tidak seramai siang.. Dan malam agak sulit Berswafoto..,netral
Bagus u tuk blajar,netral
Hening damel ritualan,netral
Mencapai kedamain malam. Di kesendirian..,netral
karena PPKM hanya bisa sampai di luar saja,netral
"Salah satu wisatanya kota bojonegoro yang terkenal dengan api abadi yang tidak padam walaupun terkena air hujan dan di sini terdapat  air blekutuk yang baunya seperti belerang, wisata ini berada di kawasan hutan yang rindang dan sejuk",netral
Subhanallah,netral
"Perjalanan dari kota bojonegoro kurang lebih 40 menit via dander, untuk siang hari api tidak nampak jelas karena api berwarna biru, perjalanan bisa dilakukan dengan mobil ataupun sepeda, tempatnya bagus bersih, kasih penjaga yg aktif dong pihak pengelola,  krn msih bnyak tangan jahil yg melakukan corat coret di dinding ( vandalisme) , untuk kebersihan ok , kita semua harus menjaga jika berkunjung jangan corat coret apapun.",netral
Cahaya penerang.........,netral
tempat bersejarah,netral
Kurang menarik tempat nya. Summer api dan sumur belerang nya jg kurang dirawat.,negatif
Bersih... Pohon rindang dan pedagang serta petugas yg ramah,positif
Tempat bersih suasana nyaman dan tenang,positif
Sangat senang,netral
"Kalau daftar keajaiban dunia bisa di tambah, saya merekomkan kayangan api sebagai salah satunya.

Mengapa?
Karena tempat ini menyimpan sejarah, tempat ini ada api abadi, tempat ini sangat elok ada di tengah hutan, tempat ini nyaman membuat hati tentram, dan disini penduduk sekitar sangat ramah dan bersahaja.

Kayangan api merupakan salah satu icon dan tempat wisata kebanggan Bojonegoro

Pemeliharaan tempat ini juga bagus dan kebersihan terjaga. Di lengkapi tempat parkir, pujasera, mushola dan juga toilet.",netral
Buktikan sendiri,netral
"Masuk ke tempatnya jalan paving block
Paa kmrn kesana sepi asik banget",netral
"Wisata alam ini cukup menarik untuk WisLok,perlu penanganan yg lebih baik agar diminati",netral
Keren perlu ditingkatkan promosi fasilitasnya,netral
Kereen,netral
"Kebersihanxa terjaga n sejuk ,selain jalan"" jga bisa nmbah pengetahuan n mengenal sejarah",netral
"Tempat nya woowww bgt...  ğŸ‘ğŸ‘ğŸ‘
Akses jalannya juga sdh baik..
Monggo PINARAK BOJONEGORO ğŸ˜ŠğŸ‘ğŸ™",netral
"Menurut aq sih biasa aja.
Harga tiket nya mahal 7500 per/orang.",netral
Cukup baik,netral
"Wisata alam yang bagus utk keluarga n edukasi anak. Tempatnya bagus , jalan menuju kesana juga bagus. Oh ya jangan lupa lihat video kayangan api di youtube channel Shafyna Juan Diary . Subscribe like n share ya..Terima kasih",positif
"Ma syaa Alloh,. La quwwata illa billah",netral
Bagus.. Tempatnya..,positif
Wisata Alam Legenda Bojonegoro,netral
"Tempat wisata hits khas ikon Kota Bojonegoro. Api abadi yang tak pernah padam. Selain wisata, sering digunakan juga untuk acara adat tradisional tiap tahunnya. Belum ke Bojonegoro kalau belum kesini. Waktu tempuh sekitar 30-45 menit dari pusat kota.",netral
Tempatnya kalo siang eksotis dan malam harinya..... hmmmm,netral
"Tempat wisata yang sangat menarik, bernuansa alami, juga tersedia musollah, toilet, warung makan dan minum,, dan yg lebih menarik lagi telah di persiapkan AHLI TERAPI BEKAM dan PIJAT URAT.",positif
"Lokasi unik, tempat bersih",positif
"Tempat yg nyaman buat bersantai bersama keluarga, selain itu juga tempat bersejarah dan bisa memberikan wawasan pada generasi penerus",positif
"Alhamdulilah ini adalah wisata yg jarang ada di dunia
Hanya ad abeberapa tempat saja sumber api abadi yg bisa keluar dari dalam perut bumi langsung",netral
"Lumayan nyaman. Senyap, tidak terlalu ramai. Cocok buat yang nyari ketenangan",positif
"Keindahan alam yg patut di jaga dan dilestarikan,,",netral
Bagus. Asri,positif
"Tempat nya sejuk, buat nyantai sekeluarga dan edukasi anak anak untuk mengenal sejarah dan budaya",netral
saya kesini mengisi waktu luang liburan pada saat covid meski sepi pengunjung tempatnya nyaman,netral
Sangat cocok untuk meditasi,netral
Mantap2 enak,netral
"Tempatnya bersih,nyaman tapi panas banget padahal itu sampai sana sore hari
Tapi senang karena ada pendopo bangunan lama seperti mengingat sejarah",positif
Panas,negatif
"pengalaman berkunjung kesini, tempatnya kurang terawat, pemkab harusnya memberi perhatian ekstra di tempat ini, mengingat salah satu wisata yang paling sering di kunjungi wisatawan di Bojonegoro.. akses masuknya juga sudah bagus jika dari kota, jalan beton,. semoga kedepannya bisa lebih baik lagi.",negatif
Bagus banget dan Alami,positif
Bagus,netral
Tempat yang cocok untuk liburan keluarga dengan harga tiket masuk yang terjangkau. Dapat mempelajari tentang sejarah - sejarah kayangan api yang mungkin tidak banyak diketahui orang. Api abadi yang tidak pernah padam dan masih terlihat saat pagi/siang hari. Jika berkunjung di malam hari pasti api akan terlihat menarik. Kayangan Api buka selama 24 jam,netral
Berkah Abadi,netral
"Tempat wisata yg wajib dikunjungi ketika singgah di Bojonegoro, khususnya di sore dan malam hari ğŸ‘ğŸ‘ğŸ‘",netral
bagus,netral
Bagus bet,netral
Nyaman buat santai,positif
"Sejuk dan hanya 30menit dari kota Bojonegoro.
Jangan lupa membeli kerupuk khas sini, dari ubi gerut orang lokal bilangnya. Kalau sore lebih indah dan semakin gelap api abadinya akan semakin nampak jelas. Disini aman juga unruk bawa anak-anak dan manula. Ada musola dan toilet.",netral
Bagus,netral
Bagus & sejuk,positif
Salah satu icon wisata dikota bojonegoro yaitu kayangan api (API ABADI) yang berada di kabupaten bojonegoro.,netral
Sangat istimewa tempat pariwisata dan religius untuk mensyukuri kebesaran Tuhan,netral
"Saya dari Nganjuk dan pernah satu kali ke Waduk Pacal-Bojonegoro. Karena sudah sampai disitu, tiba-tiba ingin berkunjung ke ""Wisata Kayangan Api"" yang masih sekota. Tetapi tak dikira ternyata letak ""Wisata Kayangan Api"" sangat jauh, kira-kira 20an kilo meter dari ""Waduk Pacal"" yang pernah saya kunjungi sebelumnya sekian tahun lalu. Sebenarnya saya hampir putus asa karena sangat jauhnya tadi. Tetapi tanggung, karena saya sudah beberapa belas kilo meter melewati Waduk Pacal, maka setelah bertanya-tanya selama perjalanan disertai informasi tentang lokasi wisata tersebut oleh warga masyarakat tempat saya bertanya tadi, maka timbul rasa penasaran dan tetap harus bertekat bulat menuju lokasi tersebut.
Setelah jalan aspal yang saya lewati sampai pertigaan jalan paving ke kiri mengarah ke dalam hutan, maka saya berhenti sejenak disitu. Tampak  pintu gerbang yang berupa gapura. Disitu ada tulisan ""Wisata Kayangan Api"". Sayapun segera masuk mengarah kesana melewati jalan paving. Berhenti sejenak untuk membayar ongkos masuk, kembali saya teruskan perjalanan di atas paving yang akhirnya berhenti di parkiran mobil. Berikutnya : Bayabgkan sendiri keindahan hutan di Wisata Kayanfan Api.",netral
"Bisa sebagai tempat edukasi, karena ada gas akam yang keluar, sehingga apinya menyala sepanjang waktu.
Tempatnya teduh, karena berada dikawasan hutan jati, dan sudah dikelola dengan baik.",netral
"Kayangan Api Bojonegoro. Salah satu lokasi api abadi selain mrapen, dimana mrapen ternyata apinya sudah padam. Lokasinya lumayan terpencil di tengah hutan jalan alternatif cepu Bojonegoro. Apinya berasal dari gas alam dan bau belerang tercium disini. Masih gratis dikunjungi selama pandemi. Lokasinya juga termasuk sakral karena ada pertapaan. Mungkin harus mampir kalo lg menuju ke Bojonegoro ato Mojokerto dari cepu.",netral
Bagus banget,positif
kerja bagus,netral
Bagus,netral
"tempatnya bagus, petugas kebersihannya selalu nyapuin area sekitar, masuknya mumpung masih gratis",positif
"Tempatnya bersih, dan semua fasilitasnya bagus dan lengkap.",positif
Pagi,netral
Tempat nya msh ad sakral2 klo di sini..jd hati2 jg klo bicara...ğŸ‘Œ,netral
"Akses menuju tempat ini sudah mulus, bagus dan memadai, tentunya cocok buat kalian pecinta alam. apalagi tempat ini berada di tengah hutan. suasananya sangat nyaman. tempat parkir luas, toilet bersih, mushola, tiket murah, tentunya cocok juga untuk wisata edukasi. karena tempat ini sangat bersejarah, apalagi api abadi yang memang gak pernah padam. banyak juga penjualan makanan khas daerah dan oleh oleh",positif
"Tempatnya bersih,masih asri,pengunjungnya jga gk terlalu banyak,keren apinya ya gk pernah padam...",positif
tahap perluasan tempat wisata juga.,netral
"Tempat yang bagus, tenang n yg pasti tempat bersejarah titipan leluhur jaman dulu... Harus di jaga n rawat bersama ğŸ™ğŸ™",netral
Ada api abadi.. Keajaiban nanture,netral
"Nice , api abadi",netral
"Sayang, waktu kesana area nya di tutup karena covid - 19",netral
"Tempat yang nyaman dan bersejarah. yang suka tempat alami, sunyi. kuy kesini. masih asri ditengah hutan jati",positif
"Yo Bojonegoro! Salah satu destinasi wisata di Kabupaten Bojonegoro yang berlokasi di Kecamatan Ngasem, Bojonegoro. Katanya dari cerita yang saya dengar, disini api abadi dan ada sejarahnya juga, dimulai dari empu pembuat keris pusaka dari jaman kerajaan Majapahit yang menyepi disini dengan nama samaran karena beliau tidak ingin diketahui identitasnya. Oh ya api abadi disini dulunya digunakan empu tersebut untuk membuat keris, disini ada juga banyu blukutuk ataupun tempat buat menyepi (pondokan pondokan kecil).

Untuk fasilitas disini juga dikatakan cukup baik seperti mushola, pujasera, pendapa pondokan buat menyepi, tempat parkir luas bahkan toilet untuk difabel dengan tempatnya yang bersih (diharapkan juga kesadaran pengunjung untuk buang sampah ditempat sampah yang disediakan).

So far so good, karena sepanjang perjalanan kesana banyak pepohonan yang asik dan juga bisa dijadikan spot foto sama suara burung juga ada. .

Oiya kalau bisa, jalan menuju lokasi wisatanya diberikan sign system biar memudahkan orang yang mau kesana, biarpun ada Google map dan gapura besar yang menandakan lokasi masuknya, tapi akan lebih baik ada sign systemnya. Dan patuhi protokol kesehatan ya bosku.

Go Bojonegoro Go!",netral
Cantik,netral
Tempat strategis,netral
"Tempat wisata yg nyaman, asri,bersih,murah dan alami
Akses jalanya bagus",positif
keajaiban dunia ada disini... mr brsama sama utk merawatnya,netral
"Wisata alam, api abadi",netral
Tempat nya bagus,positif
Wisata lokal. DAMAI dan bersejarah.,netral
Mungkin pemkab Bojonegoro bisa menambah out Bond d lokasi tersebut,netral
Wisata alam gratis,netral
Sangat membantu jalur singkat,netral
Bagus,netral
Situs bersejarah,netral
Bagus,netral
Sejarah tentang empu supo...jaman pembuatan keris,netral
Bagus dan penuh dengan cerita,positif
Jangan sekali-sekali melupakan sejarah.,netral
Wisata alam,netral
ğŸ‘ğŸ‘,netral
"Bagus tempatnya, msi alami, msi perlu dikembangkan",netral
Mantulll,netral
Bermakna,netral
Indah,netral
Tempat bagus rapi..nyaman  dan banyak  tempat teduh lagi,positif
bagus n bersih menambah ketebalan iman akan kebesaran Alloh S.W.T....,netral
Cantik,netral
Sangat bagus,positif
syahdu...,netral
Tempatnya bagus dan penuh sejarah,positif
Tempat bersejarah yang menarik untuk dikunjungi,netral
Wisata bojonegoro,netral
Ok mantaPN,netral
"Salah satu landmark bersejarah di wilayah bojonegoro.
Api terus menyala selama bertahun-tahun sejak zaman kuno.
Di sinilah pandai besi legendaris ""Empu Supamati"" membuat keris legendaris Indonesia ""Keris"".
Itu direnovasi oleh pemerintah setempat sehingga sekarang terlihat lebih rapi & bersih.",netral
Asyiiik tempatnya,positif
"pemandangan seru
udara sejuk
alam terbuka!",netral
"Tempatnya teduh, cocok untuk bersantai dengan keluarga. Banyak gazebo untuk istirahat",positif
indah,netral
Bagus ... Tambahi spot Foto supaya tambah ramai,netral
Tempat makanan,netral
Wajib dikunjungi bagi yang tinggal di Bojonegoro dan sekitarnya,netral
"(Cenel YT Rodex Pro)
Tempat yang  langka,  beruntung Bojonegoro memilikinya.",netral
Tempat bersejarah petugasnya sangat ramah,netral
"Tmpatnya sejuk, apinya anget (asal jngan trllu dekat ke apinya). ğŸ˜ğŸ˜ğŸ˜cocok wes.
Warung ada. Toilet ada. Musholla jg ada. Lengkap wes. Joooosss.. ğŸ‘ğŸ‘ğŸ‘",netral
Tempat yang bagus dan alami,positif
Bagus masih jadi destinasi no satu kusunya di dander sekitar,netral
"Buka 24 jam
Berkunjung malam hari sangat eksotis
Sambil bakar ikan suasana tambah mantaapp",netral
Khayangan api merupakan salah satu tempat wisata yang banyak didatangi oleh wisatawan karena keindahan tempatnya dan juga api abadi yang menjadi keunikan tersendiri,netral
Bagus kalau malam,netral
Bagus,netral
Bagus dan keren,positif
Kenangan,netral
Wisata alam yg indah dan mempesona,positif
semakin bagus,positif
Tempat yang sangat bersejarah Karena empu supo sang maestro pembuat keris yg terkenal dengan keris sengkelat,netral
saya pergi ke sana selama perjalanan bersepeda di pagi hari .. udara di sana menyegarkan .. dikelilingi oleh pohon djati ..,netral
Menakjubkan,netral
apinya abadi,netral
"Akses lancar, jalan bagus, mencari objek wisata ini gampang sekali, rapih tertata ramah pengelola nyaa",positif
Rekomendasi wisata daerah Bojonegoro dan tempatnya lmyn bagus untuk dikunjungi,netral
Karena tempatnya kelihatan menakutkan.jauh dari pemukiman,negatif
"Siti Zulaikah.
Wisata Kahyangan Api ğŸ”¥",netral
alami,netral
"Masuk ke dalemnya lumayan.
Sudah menggunakan protokol kesehatan.",netral
mantap... mampir yuk,netral
Di sana saya Alhamdulillah mengetahui banyak informasi mengetahui sejarahâ˜ºï¸,netral
Lumayan tempatnya sangat tenang,positif
Keren tempatnya,positif
Mantap tempat nya,positif
Tempat wisata alam di Bojonegoro,netral
Bagus untung mengenang dan tau sejarah kebudayaan Bojonegoro,netral
Belum pernah Kesana???,netral
"Panas, tp viewnya bagus
Mash proses renov",netral
Rekreasi yang meng edukasi serta terjangkau oleh ekonomi menengah ke bawah,positif
Tempat Legenda yg perlu kita pelajari dan kita lestarikan,netral
Alhamdulillah sangat bermanfaat sekali bagi kita pecinta alam semesta ini,netral
Keindahan alami dan icon bojonegoro,netral
Enak sih.. bisa mengerti tentang alam dan belajar dulu sebelum kesana.. jadi banyak yang bisa di ceritain ke orang yang belum begitu paham.. sedikit panas tempat nya.. tapi ga papa emang kayangan api ya hehehe,netral
Wisata alam yang asri dan wajib dikunjungi,netral
Wisata alam ,netral
Kurang banyak variasi hiburan.tempat bersantai kurang terawat,negatif
Baik sekali,netral
"Tempat ini sangat menakjubkan, api abadi yang melegenda & nyata peninggalan para eyang, kuasa Tuhan YME memberikan kepada orang-orang terpilih",netral
"Tempat wisata bersejarah. Tempat nya bersih. Ada musholla, mainan anak tersedia, pendopo bersih. Cocok buat liburan bersama keluarga. Makanan tidak seberapa mahal. Tetap mengutamakan protokol kesehatan. Parkir luas. Free masuk, karena masih masa transisi New Normal.",positif
Sangat bagus dan masih sakeral,netral
Tempat wisata alam yg unik,netral
"Masih tutup gara"" corona",positif
Bagus saya suka,netral
Tahun lalu saat digelar pameran. Dan saya ikut berpartisipasi,netral
"Tempat bersejarah, buka 24 jam,",netral
"jalan akses bagus. tempatnya bersih dan rapi. atraksinya api dan kolam lumpur belerang. kayaknya kalau ke sini sebaiknya malam (kalau buka), buat foto2 malam hari

- agak jauh dari kota bojonegoro",positif
Tempat ini sangat saya sukai di wisata kayanyan api . Wisata Ita sangat menarik untuk saya,positif
Sekarang lagi tutup karena ada corona,netral
bagus,netral
"Disini anda akan melihat api abadi, tempatnya hening di kelilingi pepohonan, tempat ini di kelola dengan baik, kebersihan terjaga, harga tiket masuk terjangkau.",netral
"Tempat bersejarah cocok untuk wisata keluarga,apinya tak padam walaupun hujan,klo kesini sebaiknya sore ke malam jd siang dapat malamnya jg dapat,bagus jg buat foto2,ad toilet dan mushola jg,warung jajanan jg ad klo laper g usah kawatir....",netral
Murah meriah,netral
Bagus,netral
Tempat yang nyaman buat refresing dan penuh dengan sejarah,positif
"Wisata relegius andalan Jonegoro,",positif
"Tempatnya teduh, oke banget buat edukasi juga",positif
Kurang makimal diberdayakan,netral
Tempat bersejarah yang tetap harus dijaga dan dijelaskan ceritanya pada anak cucu kita kedepan. Agar mereka mempunyai kebanggaan terhadap leluhurnya.,netral
Fenomena api yang terus menyala api abadi tidak akan pernah padam sampai kapanpun,netral
Tiket masuk yang terjangka dengan pemandangan asri hutan serta spot foto yang banyak,netral
Tempatnya bersejarah,netral
Mantul...,netral
..tempat ini sudah sangat berubah tidak seperti dulu lagi.,netral
Adem,netral
"tempat wisata yang bagus untuk dikunjungi.
jalan menuju lokasi ok, tidak rusak dan cukup lebar.
pemandangan khas hutan jati.
tempat parkir di area luas, ada warung2 untuk makan dan minum. tiket masuk juga murah.",positif
Keren cuyy,positif
Alam asri pedesaan,netral
"Wisata langka, ada api tak pernah padam meskipun hujan turun dengan derasnya, recommended sekali untuk wisata keluarga, apalagi saat malam hari, api terlihat sangat jelas",netral
Keajaiban alam,netral
Fasilitas air dimalam hari TIDAK ADA,netral
api tak kunjung padam,netral
Keajaiban alam ...kebesaran illahi,netral
"Tiket murah,bersih cocok untuk wisata edukasi",positif
Tempat wisata yang terjangkau buat keluarga.,netral
bagus,netral
"Tempat yg luar biasa... Api abadi dr perut bumi.
Lebih bagus bila datang pada malam hari...",netral
"Tempat wisata yang cukup unik, perlu rasanya yang sedang mampir di bojonegoro untuk sempetin kesini. Akses ke lokasi cukup bagus. Tempat ini buka 24jam jadi mungkin kalo datang malem lebih ngena lagi suasana perapiannya tapi ini ditengah hutan ya lokasinya.",netral
Fasilitas kurang memadai,negatif
"Bagus, masuk hutan, kalo malam pasti deg degan",netral
"Bener-bener gak padam apinya, walau kena air. Ada pohon cinta ğŸ˜†.
Kalo pas gak ada event, sepi banget disana, penjualnya juga cuma ada satu dua orang.
Tapi ini tempat yang perlu dikunjungi, bagus banget kok tempatnya.",netral
Apinya memang keren...,netral
"Tempatnya mudah, terjangkau dari kota Bojonegoro, lokasinya nyaman dan nyaman buat kekuar.",positif
Mistis,netral
"Kayangan Api is one of the tourist attractions in Bojonegoro which has a good view, there is an eternal fire, many food vendors.  One of the most memorable is eating corn that is burned using eternal fire",netral
Oke,netral
legenda,netral
Bagus.. Terus menerus diperbaiki..,netral
Menenangkan fikiran dan untuk santai di waktu malam hari,netral
"Megis,,",netral
Banyak perubahan yang bagus,positif
Tempat luas dan adem,positif
Jarak nya dari kota bojonegoro kurang lebih 30 - 45 menit,netral
Hmmm...mistis banget...,netral
Keren,netral
Wisata kayangan api Bojonegoro,netral
Tempatnya sudah tersusun rapi.,netral
"akses menuju lokasi sangat mudah, tidak ribet dan gampang untuk ditemukan.. bisa untuk wisata pendidikan atau sekedar untuk liburan dan bersntui..",positif
Bagus tempatnya,positif
Apinya menyala terus,netral
"Kalau boleh usul, dilengkapi arena bermain seperti flying fox, sepeda udara dll, insya@ akan lebih banyak yg berkunjung lagi",netral
"Wisata alam api yg tak kunjung padam
Hanya ada dibojonegoro jawa timur",netral
Cogan,netral
Tempat wisata yg keren,positif
Tempat berlibur + belajar sejarah,netral
Lumayan bagus..,netral
Sejuk indah asri alami.. Ramah,positif
"Saya menyukai tempat ini krna ini wisata desakuğŸ˜Š,dan sekarang makin maju wisatanya, Alhamdulillah ğŸ˜Š",netral
"Bagus....... Bedaaa bgt sama dulu. Sdh byk fasilitasnya, mungkin berlu ditambah kru bersih2nya, agar pendopo yg luas itu lantainya bersih.

Sepertinya cocok dan lbh ekonomis  juga disewa buat acara2 reuni, dll ... ( biar reuni tdk sekedar mkn diresto)

Akses kelokasi sdh bagus, jln di cor.",netral
Bagus,netral
Keren,netral
"Banyak org jualan,lebih bagus wisata waduk grobogan",netral
"Tempat yang bagus, tempat Geoheritage di Jawa",positif
baik,netral
"Hanya lihat api, orang bakar jagung dan spot foto
Gazebo kurang tempat colokan kalau mau ngecas",netral
"Bagus,pohone gede2 jadi rindang...tp kayaknya lebih bagus pas malem,apinya keliatan..",netral
Keren api abadi,netral
Alam yg bagus,positif
"Pariwisata yang bagus
Situs bersejarah yang bagus
Api abadi yang bagus
Cerita rakyat yang bagus
Orang baik",positif
Pernah tau lewat tv ğŸ˜†,netral
Tempanya enak ada api abadi yang tak pernah padam,netral
Api abadi dan tempat bersejarah di Kabupaten Bojonegoro,netral
"Melihat dan mengunjungi salah satu keajaiban dunia yaitu api yang tak padam siang dan malam, di lokasi yang sepi, jauh dari keramaian, di tengah kebun jati yang rindang.
Tak jauh dari api, ada sumur air belerang, namun anehnya air tersebut tidak panas, padahal air tersebut seperti mendidih menggelegak mengelegak berbuih.
Bila ingin ke sini, bagus nya di waktu malam, karena api nya nampak jelas terlihat. Tapi datang di siang hari pun tak masalah.
Ada kopi kotok yang enak dan lezat dengan harga yang murah meriah dan patut dicicipi. Kopi kotok adalah kopi yang cara membuat nya, langsung digodog dengan air, lalu disajikannya cukup unik yaitu ada tumpahan kopinya dipiring kecil nya.",netral
bagi penekun kebatinan.menarik dan excited disini,netral
SiipğŸ‘,netral
 masih banyak yg di perbaiki,netral
"Wisata Geologi dan sejarah, sangat recomended untuk penelitian",netral
"Auranya positif...
Parkir luas, nyaman
Kopi klotok nya mantab abis..",netral
Aurax berasa kita kembli k jaman kerajaan........,netral
tempat wisata yang keren ğŸ˜Š,netral
Unik dan bersejarah,netral
Tempatnya teduh dan nyaman untuk disinggahi,positif
"Kesana pas malam hari dan pemadaman pula. Tapi asyik, apinya jadi kelihatan jelas banget. Biarpun gelap tapi di dalam rame kok. Tapi ya tetap kalah rame sama hari biasa yang ga pemadaman",netral
"Subhanalloh... Luar biasa.. Api nya tetap menyala walau hujan,  tapi sayang jalan menuju kesana masih diperbaiki",netral
Wisata rekomendasi untuk anak,netral
Tempatnya masih asri banget dan terletak di Bojonegoro tempat parkir sepada motor maupun mobil jg luas dan nyaman aman.semoga lebih modern lagi dan semakin ramai dan fasilitas SDH lengkap ada mushollanya .bravo Bojonegoro,netral
Awesome great,netral
Kayangan api sangat bagus saya pernah kesana dua kali,netral
Oke,netral
Wisata ini sangat menakjubkanğŸ‘ğŸ‘,netral
Mantap slur,netral
"wisata kayangan api merupakan salah satu tempat wisata yang berada diwilayah bojonegoro jawa timur, disana terdapat api abadi yang muncul dari perut bumi.",netral
Sangat indah,positif
"Wisata ini sangat terkenal dan mungkin menjadi ikonnya bojonegoro. Di sini ada api abadi, pohon cinta, dan kawah kecil yang bergelembung gelembung. Untuk fasilitas sangat lengkap meliputi warung, musholla, toilet,dll. Kekurangan tempat ini hanya masalah jalan yang rusak bahkan sampai gerbang masuk.",netral
"Sudah lumayan bagus,tapi akan lebih bagis lagi kalau di beri tanaman yang daunya tetap hijau saat musim kemarau.biar kesanya tetap teduh.",netral
Yahud,netral
"dulu bagus, sekarang apinya mengecil ğŸ˜‚",netral
Termasuk wisata edukasi yg bagus di kabupaten bojonegoro,netral
ğŸ˜Š,netral
Keren,netral
Nilai nilai sejarah dan tempat yg sakral,netral
"Nyaman,santai sejuk",positif
Api abadi,netral
desa,netral
"Tempat wisata alam ( sumber api abadi) yang berlokasi diwilayah hutan di Kecamatan Ngasem. Akses mudah yakni jalan untuk menuju lokasi sudah beraspal dan sebagian sudah dicor beton,  lokasi bersih dan nyaman untuk wisata keluarga. Sangat cocok untuk edukasi budaya dan sejarah bagi keluarga dan anak - anak. Terdapat juga penjual makanan misalnya jagung bakar yang menawarkan pembakaran di api abadi sehingga akan menjadi daya tarik tersendiri bagi wisatawan. Tempat ini akan ramai dikunjungi saat hari libur sehingga jalan akan sedikit macet. Jika berwisata ke khayangan api jangan lupa jaga kebersihan dan sikap sopan santun",netral
Sayang belum booming..,netral
Bagus..,positif
Tempat menarik untuk berwisata,netral
Bagus...ğŸ‘,netral
Luar biasa,netral
Panas..,negatif
"Recharging mood banget kalau ketempat ini
Cuman bayar aja, udah bisa masuk, pemandangan alamnya, api yang nggak pernah padam, seru deh
Pulang dari sini mood sudah oke",netral
Udara masih segar....,netral
"Tempat wisata yang sangat menarik untuk dikunjungi... Karena ada unsur2 historis, budaya, dan fenomena alam. Hari libur&hari2 perayaan tertentu suasana ramai, tapi kalau hari normal sunyi. Saya sendiri yang kelahiran asli Bojonegoro, baru sekali berkunjung kesana di usia yang sudah kepala 3 ğŸ˜‚... Mungkin karena kurang adanya promo iklan ke masyarakat luas untuk memikat daya tarik masyarakat.
Sekian... Dan Thank's....",netral
Ciptaan Tuhan yang luar biasa,netral
"Tempatnya asri sekali, karena banyak pepohonan. semoga kedepannya lebih baik",netral
tempat ..api abadi,netral
Sejuk banget ğŸ‘ recom,netral
"Tempat yang bagus, bisa dijadikan edukasi",positif
"Berada di dalam hutan, wisatawan dapat menikmati perjalanan wisata di antara pepohonan jati, kemudian Anda berhenti di loket tiket dan langsung membeli tiketnya. Biayanya sekitar Rp 8.500 per orang. Setelah Anda masuk, Anda akan melihat gerbang dan dinding bergaya arsitektur Majaphit yang megah, menjaga api abadi di dalamnya.

Meskipun ya, bau belerang cukup kuat di dalam, itu masih tempat yang indah. Kunjungi kolam dan pohon yang saling dipintal benangnya, dan mampir ke pedagang lokal, di mana mereka menawarkan keripik singkong buatan lokal yang lezat. Kunjungi dan saksikan nyala api abadi yang terletak di tengah lokasi, di mana Anda dapat menghangatkan diri atau berjalan-jalan di sekitar api. Situs ini juga menawarkan banyak situs untuk fotografi. Oh ya, lihat-lihat dan cari penjaga situs lokal untuk memperkaya pengetahuan Anda tentang sejarah situs dan legenda lokal.

Banyak fasilitas seperti mushola, toilet, dan pedagang lokal yang menjual makanan dan minuman hadir di lokasi. Dan tempat ini ramah keluarga.

Saya merekomendasikan untuk mengunjungi situs ini pada sore hari untuk melihat nyala api paling terang.",netral
Kurang terawat,negatif
Fenomena alam yg luar biasa,netral
Flying fox nya seru,positif
Sakral Place,netral
"Bagus sih lokasinya,apalagi jika datang diwaktu malam,cuma sayang tukang parkirnya kurang ramah",negatif
Wisata alam di Bojonegoro.... bisa bakar jagung langsung di api alam...,netral
Nyaman....akses mudah...  Parkir luas.. Suka...sudah sering kesini...,positif
nyaman,netral
bagus,positif
Api abadi letaknya di tangah hutan sering di buat tempat pengambilan api untuk kegiatan olah raga,netral
"Sangat terawat, api bagus, tapi ada aura mistis",positif
Tempat nuaman indah sayang akses jalan jauh dari jalan propinsii,netral
Wisata alam,netral
Lumayan..,netral
Icon kota Bojonegoro,netral
Sepi,netral
Tempatnya sangat dekat dengan keluarga kami di desa itu.,netral
Peniggalan sejarah....empu,netral
"Tempatnya seru
Alam terbuka hutan2 enak banget
Harga masuk standard
Jalanan ke sana juga enak lancar",netral
"Wisata yg benar"" tumbuh dari Alam",netral
"sejuk, tenang, akses mudah baik mobil maupun motor, retribusi wajar, ada mushola, ada toilet.",positif
"Wisata murah yg ada di Bojonegoro,tapi memang daerah tandus jadi ya panas..maklum ğŸ˜€",netral
lumayan bagus,positif
Apik,positif
Salah satu tempat wisata api abadi sepanjang tahun di Bojonegoro yg sering dipakai utk obor semangat Asian Games 2019,netral
"Tidak ada perubahan yang menonjol dari saya kecil sampai sekarang masih sama dan tetap istimewa dengan api abadinya. Alangkah lebih enak kalau kesana pada malam hari, bisa menghangatkan tubuh dan  bakar2 jagung di api abadi langsung.",netral
"Semua tertata rapi,termasuk para pedagangnya",netral
Suasana malam yg cerah,netral
"Bagus utuk pelepas lelah,toilet kurang bersih,apalagi musholanya yaa tak taulah.
Kayangan api ini situs sejarah yg dari dulu jadi icon bojonegoro,yg bila orang luar daerah datang kemari pasti terkagum kagum.ada api abadi,jalanan yg kurang terawat,toilet&mushola terbengkalai dan lagi ada air blekutuk yg kurang diekspose keberadaannya.
Tempat warung berjualan kurang terurus,jadi kurang bersih dan rapi.
Tolong dong pemkab bojonegoro memperhatikan tempat wisata ini.lumayan khan utk pamasukan PAD.",negatif
Cocok untuk foto berbackground api alami,netral
"Wisata andalan di Bojonegoro dimana Wisata Alam, sejarah dan budaya jadi satu di sini. Anda dapat melihat fenomena alam yaitu api abadi / api yg terus menyala dalam kondisi apapun. Selain melihat fenomena unik tsb, Anda juga bisa melihat tempat pertapaan leluhur dan penempaan keris pada zaman dulu. Saat ini tempat di dalam kayangan api juga sudah di renovasi sedemikian rupi sehingga membuat pengunjung menjadi lebih nyaman. Di kawasan ini juga sangat rindang dan banyak pepohonan. Selain itu fasilitas sudah cukup lengkap dan nyaman. Tiket masuk hanya Rp 7500 dan parkir motor hanya Rp 3000",netral
Permainan anak tidak ada,netral
