text,label,text_tokens
wisata religius yang masih mengedepankan budaya jawa tempat bersih toilet juga bersih,positif,wisata religius depan budaya jawa bersih toilet bersih
pada saat berkunjung tidak memuaskan karena fasum toilet terkunci toilet yang di musholla lampunya mati dan kurang bersih segera diperbaiki agar wisatawan yang berkunjung tidak kecewa dan tidak kecewa bojonegoro matoh,negatif,kunjung muas fasum toilet kunci toilet musholla lampu mati bersih baik wisatawan kunjung kecewa kecewa bojonegoro matoh
bagus,positif,bagus
sangat bagus penuh nuansa religius serasa berada di zaman kerajaan,positif,bagus penuh nuansa religius serasa zaman raja
indah  sejuk,netral,indah sejuk
tempat yang penuh dengan legenda,netral,penuh legenda
cocok buat yang pengen santai dari hirup pikuk kota sih karna emng masuk hutan kayu jati mantap lah harga tiket masuknya murah cuman rb per orang itu udah sama parkirnyaa tapi dari gapura kayangan api ke tempat wisatnya juah bngt sampe ak kira nyasar hehe,netral,cocok ken santai hirup pikuk kota sih karna emng masuk hutan kayu jati mantap harga tiket masuk murah cuman rb orang udah parkirnyaa gapura kayangan api wisatnya juah bngt sampe ak nyasar hehe
wisata yg sangat bagus tuk mengenal sejarah geologi alam krn di situ ada gas alam sejarah tempat empu tuk membuat keris,positif,wisata yg bagus tuk kenal sejarah geologi alam krn situ gas alam sejarah empu tuk keris
dulu apinya kelihatan menyala membara sekarang kurang kelihatan banyak batunya,netral,api nyala bara batu
klo pengen melihat pemandangan api yang menakjubkan usahakan dateng malam hari selain itu suasana terasa damai ,netral,klo ken pandang api takjub usaha dateng malam suasana damai
masih asri,netral,asri
tempatnya sangat indah sangat cocok untuk berwisata bersama keluarga,positif,tempat indah cocok wisata keluarga
semakin indah dan lengkap fasilitasnya mulai toilet musholla spot foto banyak pendopo jadi adem cocok untuk gathering dengan keluarga kayu jatinya besar bisa jadi pilihan wisata alam di bojonegoro biar gak bosan,positif,indah lengkap fasilitas toilet musholla spot foto pendopo adem cocok gathering keluarga kayu jati pilih wisata alam bojonegoro biar gak bosan
wisata budaya yang harus di lestarikan dan di promosikan agar bisa menjadi icon yang membawa dampak ekonomi dan nilai historis,netral,wisata budaya lestari promosi icon bawa dampak ekonomi nilai historis
tempat terdapat api abadi sumur blukuthuk pernah ikut acara ruwatan massal pd thn cukup sakral khitmad,netral,api abadi sumur blukuthuk acara ruwat massal pd thn sakral khitmad
wisata murah meriah per orang cuma lokasi yg instagramable juga dikelilingi hutan yg asri,positif,wisata murah riah orang lokasi yg instagramable keliling hutan yg asri
memiliki spot yang tidak dimiliki wisata lain,netral,milik spot milik wisata
api yang selalu menyala walaupun hujan wisata yang bagus dan perlu di informasikan dan dikemas dengan lebih menarik lagi agar wisata di bojonegoro semakin meningkat,netral,api nyala hujan wisata bagus informasi kemas tarik wisata bojonegoro tingkat
wisata api abadi ada pendopo ada kuliner nya,netral,wisata api abadi pendopo kuliner nya
wisata sejarah empu disini,netral,wisata sejarah empu
tempat ini sangat cocok untuk kegiatan rombongan terutama untuk anak anak agar bisa belajar sejarah di bojonegoro tiket masuk wisata ini hanya sekitar rupiah dan untuk biaya parkir hanya rupiah,netral,cocok giat rombong anak anak ajar sejarah bojonegoro tiket masuk wisata rupiah biaya parkir rupiah
destinasi wisata sejarah yang dapat dijadikan alternatif pelepas penat harga tiket murah akses jalan lumayan bagus suasana sejuk dengan banyak pepoho namun kebersihan harus lebih ditingkatkan,positif,destinasi wisata sejarah jadi alternatif lepas penat harga tiket murah akses jalan lumayan bagus suasana sejuk pepoho bersih tingkat
kalo bisa pedagang jagung bakar nya jangan bakar jagungnya di atas api disuruh di lapak karena merusak pemandangan bagi yg mau foto,netral,kalo dagang jagung bakar nya bakar jagung api suruh lapak rusak pandang yg foto
kayangan api di bojonegoro tiket masuk klo ga salah org parkir mobil tempatnya kurang di pelihara dgn baik toilet kran airnya mati dan jorok wastafel ada beberapa kran airnya yg rusak jadi airnya netes ,negatif,kayangan api bojonegoro tiket masuk klo ga salah org parkir mobil tempat pelihara dgn toilet kran air mati jorok wastafel kran air yg rusak air netes
wisata jaman kerajaan yang patut di lestarikan dan dijaga kebudayaan nya,netral,wisata jaman raja patut lestari jaga budaya nya
tempat wisata alami tempat yang asri,positif,wisata alami asri
sudah lama tidak mampir kesini ternyata sudah banyak yang baru lokasi wisata lebih luas dan rapi tempat makannya juga sudah banyak dan bervariasi teduh banyak pohon rindang,positif,mampir kesini lokasi wisata luas rapi makan variasi teduh pohon rindang
oke baget,positif,oke baget
review lengkap cek channel youtube bocah keluyuran,netral,review lengkap cek channel youtube bocah keluyur
good place to visit,netral,good place visit
hutan jati lebat dan api buat hangatkan badan bakar jagung,netral,hutan jati lebat api hangat badan bakar jagung
bukan masalah tempat jauh ataupun dekat yang membuat seru adalah kebersamaan,netral,seru sama
tempatnya bagus bersih dan nyaman untuk piknik bareng teman maupun keluarga ada mushola dn wc yg cukup bersih paling cocok waktu sore gk terlalu panas,positif,tempat bagus bersih nyaman piknik bareng teman keluarga mushola dn wc yg bersih cocok sore gk panas
malem yg penuh kehangatan ,netral,malem yg penuh hangat
tempat yang menarik untuk dikunjungi salah satu destinasi wisata sejarah di bojonegoro yang memiliki potensi api abadi,netral,tarik kunjung salah destinasi wisata sejarah bojonegoro milik potensi api abadi
wisata edukasi namun harus ditambah dengan fasilitas publik bagi anak ,netral,wisata edukasi tambah fasilitas publik anak
tempat wisata kayangan api sangat cocok untuk liburan keluarga tempatnya sangat nyaman teduh banyak pepoho dan ada sumber apin alam yang tak pernah padam,positif,wisata kayangan api cocok libur keluarga tempat nyaman teduh pepoho sumber apin alam padam
tempatnya rimbun fasilitas lengkap harga tiket terjangkau,positif,tempat rimbun fasilitas lengkap harga tiket jangkau
wisata kayangan api berlokasi di kabupaten bojonegoro dengan tiket masuk rp untuk dewasa dan gratis untuk anak anak pengunjung bisa melihat keindahan fenomena geologi berupa api yang tidak pernah padam nyala api menyembul dari tumpukan batu sumber api dari semburan gas alam yang berasal dari dalam perut bumi pengunjung juga bisa melihat tempat pembuatan senjata pusaka dan tempat semedi bertapa banyak penjual maka dan souvenir di sekitar lokasi,netral,wisata kayangan api lokasi kabupaten bojonegoro tiket masuk rp dewasa gratis anak anak unjung indah fenomena geologi api padam nyala api sembul tumpu batu sumber api sembur gas alam asal perut bumi unjung buat senjata pusaka semedi tapa jual souvenir lokasi
bersih,positif,bersih
jas merah,netral,jas merah
tempatnya nyaman,positif,tempat nyaman
lokasinya adem bagus buat liburan tipis tipis,positif,lokasi adem bagus libur tipis tipis
yah begitulah namanya publik area,netral,yah nama publik area
tempatnya nyaman bersih,positif,tempat nyaman bersih
lumayan bagus buat menyepi lokasi nya juga bersih,positif,lumayan bagus nyepi lokasi nya bersih
,netral,
wisata historis tempat nya adem agak berkesan mistis karena memang di hutan tempat dulu menempa senjata pada zaman kerajaan majapahit,netral,wisata historis nya adem kesan mistis hutan tempa senjata zaman raja majapahit
tempat wisata di bojonegoro dimana ada sumber gas dan nyala api yg kemudian dikelola dengan baik sebagai tempat wisata,netral,wisata bojonegoro mana sumber gas nyala api yg kelola wisata
tempat yang layak dikunjungi biaya masuk rp orang,netral,layak kunjung biaya masuk rp orang
fasilitas lengkap saran buat pengunjung pakailah lotion anti nyamuk waktu berkunjung ,netral,fasilitas lengkap saran unjung pakai lotion anti nyamuk kunjung
bersih asri saya nyaman ,positif,bersih asri nyaman
angkling dharmo,netral,angkling dharmo
salah satu tempat wisata yang ada di bojonegoro dengan tiket masuk dan parkir ada juga tempat buat semedi di lokasi api yang tak kunjung padam,netral,salah wisata bojonegoro tiket masuk parkir semedi lokasi api kunjung padam
lokasi nyaman untuk bersantai,netral,lokasi nyaman santa
bisa menambah keyaki bahwa allah swt akan menuntun kerohanian seseorang salah satunya berkunjung di kayangan api bojonegoro,netral,tambah keyaki allah swt tuntun rohani salah satu kunjung kayangan api bojonegoro
tempat wisata kayangan api yang sangat fenomelal ,netral,wisata kayangan api fenomelal
cat nippon paint cat no di indonesia,netral,cat nippon paint cat indonesia
perlu pengembangan yg lebih baik terutama fasilitas untuk permai yg menarik,netral,kembang yg fasilitas permai yg tarik
bakar jagung di api abadi,netral,bakar jagung api abadi
nyaman gak panas,positif,nyaman gak panas
apinya ada bau nya guys gak tau ya itu bau apa cuma menurut ku keren banget tempatnya karena ada sejarahnya tempat ini,netral,api bau nya guys gak tau ya bau ku keren banget tempat sejarah
tempat nya cocok buat rekreasi tema sejarah,netral,nya cocok rekreasi tema sejarah
cocok untuk wisata liburan keluarga semoga bisa lebih lebih dikembangkan lagi karena selain sebagai tempat wisata tempat ini merupakan situs peninggalan prasejarah dari kerajaan majapahit,netral,cocok wisata libur keluarga moga kembang wisata situs tinggal prasejarah raja majapahit
tempat ini termasuk wisata sejarah ada kaitannya dengan kerajaan majapahit pernah menjadi bagian penting dari even olahraga nasional sumber pengambilan api pon ke maaf lupa saat ini masih terdapat bagian yang direnovasi akan bisa menjadi tempat wisata yang nyaman dan menarik jika dikelola dengan baik karena tempatnya di tengah hutan faktor keama pengunjung kiranya sangat perlu diperhatikan agar peziarah merasa teg aman dan nyaman wis ngono ae,netral,wisata sejarah kait raja majapahit even olahraga nasional sumber ambil api pon maaf lupa renovasi wisata nyaman tarik kelola tempat hutan faktor ama unjung perhati ziarah teg aman nyaman wis ngono ae
kayangan api salah satu destinasi wisata di bojonegoro terletak di dander lokasinya sekitar km dari pusat kota bojonegoro parkiran luas tiket masuk juga terjangkau,netral,kayangan api salah destinasi wisata bojonegoro letak dander lokasi km pusat kota bojonegoro parkir luas tiket masuk jangkau
tidak recommended tempat panas dan sepi terbengkalai seperti tidak dikelola dengan baik,negatif,recommended panas sepi bengkalai kelola
disarankan kesini sore atau malam hari selain menghindari cuaca panas juga kalau sore apanya kelihatan,netral,saran kesini sore malam hindar cuaca panas sore apa
untuk obyek wisatanya cukup berkesan tp sayang fasilitas pendukungnya terutama air di dalam toiletnya yg hrs di perhatikan,netral,obyek wisata kesan tp sayang fasilitas dukung air toilet yg hrs perhati
teruskan berbenah,netral,terus benah
tempatnya sejuk bersih dan mudah dijangka,positif,tempat sejuk bersih mudah jangka
salah satu rekreasi alam yang dimiliki bojonegoro dengan fasilitas cukup memadai dan lebih eksotis lagi kalau datang pas malam jum at mistisnya terasa,netral,salah rekreasi alam milik bojonegoro fasilitas pada eksotis pas malam jum mistis
sangat bagus bisa untuk terapi segala penyakit,positif,bagus terapi sakit
api dari alam yang terus hidup dan tidak pernah mati yang saat ini menjadi arena wisata di daerah bojonegoro kita bisa melewati area api tersebut hingga sedekat mungkin dan kita bisa berfoto di situ di dekat api abadi tersebut terdapat sebilah keris yang beri tegak yang diinfokan bahwa pembuatan keris itu dengan menggunakan api abadi tersebut selain api ini abadi disana juga terdapat kolam reg belerang yang infonya bisa bermanfaat untuk perawatan kulit namun disayangkan penataan area wisata itu masih belum maksimal dan tingkat attractivess nya masih relatif rendah,netral,api alam hidup mati arena wisata daerah bojonegoro lewat area api dekat foto situ api abadi bilah keris tegak info buat keris api abadi api abadi sana kolam reg belerang info manfaat awat kulit sayang tata area wisata maksimal tingkat attractivess nya relatif rendah
lumayan,netral,lumayan
tingkatkan promosi nya di medsos atau ke biro perjala fasilitas lumayan lengkap ada kios maka dan oleh tradisional bisa buat foto prewedding juga,netral,tingkat promosi nya medsos biro jala fasilitas lumayan lengkap kios tradisional foto prewedding
apakah ini petilasan empu pembuat keris,netral,tilas empu buat keris
tempatnya penuh dengan sejarah,netral,tempat penuh sejarah
wisata syarat sejarah bangu rapi bagus tiket std harga pariwisata keterangan sejarah dll mgkn bisa lebih diperbanyak untuk menambah kesan dan interaksi mungkin bs jg ditambahkan musik yg sesuai tema wisata atau mini teater yg terjadwal biar suasana tdk terlalu sepi beberapa bagian sedang dlm perbaikan kebersihan bisa lebih ditingkat lg agar lebih nyaman aktif sosmed sbg media promosi smoga sukses,netral,wisata syarat sejarah bangu rapi bagus tiket std harga pariwisata terang sejarah dll mgkn banyak tambah kesan interaksi bs jg musik yg sesuai tema wisata mini teater yg jadwal biar suasana tdk sepi dlm baik bersih tingkat lg nyaman aktif sosmed sbg media promosi smoga sukses
wisata yang bagus dinikmati pada malah hari pancaran api abadinya sungguh ciptaan allah yang maha agung,positif,wisata bagus nikmat pancar api abadi sungguh cipta allah maha agung
bagus tempatnya mengeg sejarah banget dan dingin sejuk banget tempatnya serasa kembali pulang ,positif,bagus tempat mengeg sejarah banget dingin sejuk banget tempat serasa pulang
mantab bisa ada apinya,netral,mantab api
salah satu tempat wisata keluarga di bojonegoro yang wajib dikunjungi merupakan salah satu iconic kota bojonegoro karena obor api olimpiade diambil di tempat ini akses menuju ke tempat wisata cukup mudah parkir luas dan biaya masuk rb per orang,netral,salah wisata keluarga bojonegoro wajib kunjung salah iconic kota bojonegoro obor api olimpiade ambil akses wisata mudah parkir luas biaya masuk rb orang
kebersihan perlu ditingkatkan distribusinya gak tercantum harganya,netral,bersih tingkat distribusi gak cantum harga
selalu ada hikmat dari setiap ciptaan allah,netral,hikmat cipta allah
tempatnya sangat bagus sayang saat ini kurang perawatan terutama mcknya airnya kadang nggak ada mohon maaf kepada pengelola,negatif,tempat bagus sayang awat mcknya air kadang nggak mohon maaf kelola
cocok untuk wisata edukasi generasi muda tentang budaya dan warisan leluhur,netral,cocok wisata edukasi generasi muda budaya waris leluhur
sepi pengunjungnya,netral,sepi unjung
tempatnya luas,netral,tempat luas
salah satu keajaiban dunia,netral,salah ajaib dunia
kayangan api sumber api abadi di tengah hutan jati,netral,kayangan api sumber api abadi hutan jati
parkir harga tiket akses ke lokasi toilet kebersihan ,netral,parkir harga tiket akses lokasi toilet bersih
lebih seru dan menegangkan berkunjung saat malam hari,netral,seru tegang kunjung malam
bagus tempatnya nyaman strategis mudah di jangkau,positif,bagus tempat nyaman strategis mudah jangkau
ini termasuk salah satu warisan leluhur yang patut di lestarikan dan di jaga,netral,salah waris leluhur patut lestari jaga
semakin bagus ya sekarang wisata kayangan api nya ,positif,bagus ya wisata kayangan api nya
bagus tempatnya adem enak buat jalan ngopi,positif,bagus tempat adem enak jalan ngopi
gak nyesal jauh kesini,netral,gak nyesal kesini
lumayan,netral,lumayan
keindahan budaya wisata kayangan api yg saat bagus untuk di kunjungi,netral,indah budaya wisata kayangan api yg bagus kunjung
eh sekarang tempat nya malah makin bagus,positif,eh nya bagus
 kesini dan baru nemu lagi fotonya emang bikin nostalgia sih api abadi ini,netral,kesini nemu foto emang bikin nostalgia sih api abadi
jalannya sudah bagus tapi agak berkelokÂ² tiketnya lumayan terjangkau ya seperti wisata sejarah pada umumnya,netral,jalan bagus kelok tiket lumayan jangkau ya wisata sejarah
angling darma,netral,angling darma
alhamdulillah,netral,alhamdulillah
parkir luas tempat bersih mushola bersih toilet bersih,positif,parkir luas bersih mushola bersih toilet bersih
lokasinya sangat nyaman sejuk haga tiketnya sangat terjangkau keajaiban alam yg haqiki silahkan yg mau mengunjungi nya di jamin tidak menyesal,positif,lokasi nyaman sejuk haga tiket jangkau ajaib alam yg haqiki silah yg unjung nya jamin sesal
bagus banget pokok nya,positif,bagus banget pokok nya
tempat tempat yang indah,positif,indah
waw apainya abadi tiada mati walaupun hujan sungguh luar biasa,positif,waw apa abadi tiada mati hujan sungguh
sungguh menakjubkan wisata alam kayangan api cipataan allah swt yg apinya gak pernah padam walaupun ad hujan sekalipun ,positif,sungguh takjub wisata alam kayangan api cipataan allah swt yg api gak padam ad hujan
dri sini la saya jadi tahu sejarah,netral,dri la sejarah
sangat membantu sekali bagi pelancong,netral,bantu lancong
mengetahui dan menghargai sejarah leluhur perlu utk generasi sekarang tempat yg layak utk dikunjungi saat libur,netral,harga sejarah leluhur utk generasi yg layak utk kunjung libur
kayangan ,netral,kayangan
butuh sentuhan kreatif agar semakin berkembang dan bisa menjadi alternatif lokasi santai serta santuy,netral,butuh sentuh kreatif kembang alternatif lokasi santai santuy
lumayan sih kedepan bisa di tingkatkan kembali terkait pembanguya bisa meniru ciri khas bali,netral,lumayan sih depan tingkat kait pembanguya tiru ciri khas bal
tempat wisata di bojonegoro,netral,wisata bojonegoro
bikin betah ,netral,bikin betah
wisata kayangan api satu tempat wisata yg layak utk dikunjungi diyakini api ada sejak jaman majapahit dan digunakan oleh mbah kriyo kusumo utk membuat benda pusaka dan mbah kriyo sejak pindah kehutan ini berganti nama menjadi mpu supo keris yg di buat beliau sgt terkenal tak jauh dari api abadi ada sumber air yg mendidih tp tidak panas air tsbt tdk pernah meluap sekalipun hujan begitu jg dgn api tdk pernah padam sekalipun hujan air dr sumur blekutuk itu dgunakan utk menyepuh benda pusaka buatan mpu supo mpu supo diyakini moksa d tmpt tsbt utk mencapai wisata kayangan api tdk sulit krn jalanya cukup bagus recomended bagi para pecinta kejayaan tempo dulu tersedia jg bbrp pondok utk santai,netral,wisata kayangan api wisata yg layak utk kunjung yakin api jaman majapahit mbah kriyo sumo utk benda pusaka mbah kriyo pindah hut ganti nama mpu supo keris yg beliau sgt kenal api abadi sumber air yg didih tp panas air tsbt tdk luap hujan jg dgn api tdk padam hujan air dr sumur blekutuk dgunakan utk sepuh benda pusaka buat mpu supo mpu supo yakin moksa tmpt tsbt utk capai wisata kayangan api tdk sulit krn jala bagus recomended cinta jaya tempo sedia jg bbrp pondok utk santai
wisata alam yang sungguh menakjubkan dan mempesona ketika memasuki halaman parkir yg cukup luas kita akan merasakan suasana zaman kerajaan luar biasa,positif,wisata alam sungguh takjub pesona pasuk halaman parkir yg luas rasa suasana zaman raja
mantap seperti mengingat masa lalu,netral,mantap
wisata edukasi yg menarik,positif,wisata edukasi yg tarik
mungkin pemkab bisa di tambah fasilitas tambahan wisatanya,netral,pemkab fasilitas tambah wisata
kurang pengelolaan,netral,kelola
waktu kesini pas hari kerja jadi ya nggak terlalu rame,netral,kesini pas kerja ya nggak rame
karena kesini pas hari kerja jadi ga terlalu rame jalan mulus lokasi luas good lahh pokoknya ,positif,kesini pas kerja ga rame jalan mulus lokasi luas good lahh pokok
api abadi,netral,api abadi
menurut catatan sejarah api kayangan diyakini telah ada sejak lama yakni dari zaman kerajaan majapahit waktu itu api tersebut kerap digunakan sebagai tempat pertapaan oleh seorang petapa sakti api tersebut muncul setelah petapa tersebut pulang dari tempat pertapaan waktu itu ia membawa sebuah api dari hutan dan langsung menyalakannya di dekat tempatnya bertapa yaitu di lokasi api kayangan saat ini,netral,catat sejarah api kayangan yakin zaman raja majapahit api kerap tapa tapa sakti api muncul tapa pulang tapa bawa api hutan langsung nyala tempat tapa lokasi api kayangan
nice tempatnya sejuk banget cuyy jalan menuju lokasi sangat bagus mulus,positif,nice tempat sejuk banget cuyy jalan lokasi bagus mulus
,netral,
wisata ikonik di bojonegoro,netral,wisata ikonik bojonegoro
suka sekali tempatnya sejuk berlokasi di tengah area hutan bernuansa jaman kerajaan dan jalan menujunya sudah cor semua muluuus,positif,suka tempat sejuk lokasi area hutan nuansa jaman raja jalan tuju cor muluuus
wisata keluarga untuk sekitar wilayah bojonegoro yang wajib anda datangi,netral,wisata keluarga wilayah bojonegoro wajib datang
,netral,
suka itu,netral,suka
bagus dilihat pada malam hari apinya kelihatan,positif,bagus malam api
langka unik,netral,langka unik
sementara tutup jam dikarenakan jam malam,netral,tutup jam jam malam
tempatnya keren,positif,tempat keren
disini ada api abadi yang tidak pernah padam dan sangat langka keberadaanya selain itu juga tersedia oleh khas bojonegoro yg berada di pujasera kayangan api,netral,api abadi padam langka keberadaanya sedia khas bojonegoro yg pujasera kayangan api
ntaps teg jauh dari kebisingan alam memang luar biasa fasilitas cukup lengkap sangat terawat pula salut buat dinas terkait masyarakat sekitar serta pengunjung yg ikut menjaga tentunya,positif,ntaps teg bising alam fasilitas lengkap awat salut dinas kait masyarakat unjung yg jaga
udaranya sejuk alami,positif,udara sejuk alami
keren,positif,keren
mantap kalo difoto malam hri,netral,mantap kalo foto malam hri
cuman hanya ada api yang belum pernah padam,netral,cuman api padam
sip api abadi,netral,sip api abadi
meyegkan sejuk damai,positif,meyegkan sejuk damai
kahyangan api,netral,kahyangan api
akses jalan enak tiket masuk murah cuma rp sayang kurang banyak penjual dan kurang gazebo buat santai keluarga saran saja lebih baik ada yang menjual sovenir khayangan api,positif,akses jalan enak tiket masuk murah rp sayang jual gazebo santai keluarga saran jual sovenir khayangan api
kenapa map nya koq gak sesuai jauh dari pasruan mala nyasar ngikuti map nya,netral,map nya koq gak sesuai pasruan mala nyasar ngikuti map nya
lokasinya asri banget,positif,lokasi asri banget
wana wisata yang nyaman dan asri,positif,wana wisata nyaman asri
cocok buat refreshing,netral,cocok refreshing
tempatnya sangatlah rindang,positif,tempat rindang
bagus,netral,bagus
sayangnya kurang terawat,netral,sayang awat
beautifull view,netral,beautifull view
malam buka tapibtempatnya ngeri sedap lewat hutan malam gelap swepi,netral,malam buka tapibtempatnya ngeri sedap hutan malam gelap swepi
,positif,
sudah lebih baik dan bagus,netral,bagus
cukup menarik wisata disitu bisa utk ketegan pikir sambil menelusuri kisah terjadinya api abadi,positif,tarik wisata situ utk ketegan pikir telusur kisah api abadi
perlu dilestarikan biar apinya tidak susut kobar annya,netral,lestari biar api susut kobar annya
tempat yg menarik untuk dikunjungi sebuah keajaiban alam api abadi yang tak pernah padam dengan lingkungan alam yang masih asri,positif,yg tarik kunjung ajaib alam api abadi padam lingkung alam asri
keren semakin bagus,positif,keren bagus
luas nyaman cocok buat kluarga,positif,luas nyaman cocok kluarga
bagus,netral,bagus
eksotis dan sejuk,positif,eksotis sejuk
mengesan kan dan banyak kegan disini,netral,es kegan
suasaya agak mistis cocok buat yg suka mistis,netral,suasaya mistis cocok yg suka mistis
tempat bersejarah jaman kerajaan majapahit tempat menempa tosan aji dan meditasi leluhur terdahulu salam rahayu,netral,sejarah jaman raja majapahit tempa tosan aji meditasi leluhur salam rahayu
great night tourism,netral,great night tourism
tiket masuk weekdays k parkir motor k mempunyai mushola toilet khusus disabilitas ruang laktasi dan tempat yg nyaman,netral,tiket masuk weekdays k parkir motor k mushola toilet khusus disabilitas ruang laktasi yg nyaman
nice adem jgn terlalu lama deket api bau belerang,netral,nice adem jgn deket api bau belerang
suasana malam cukup memberi kesan mistis pohon jati ratusan tahun usianya dibungkus kain putih dan sorot lampu membuat pohon itu tampak gagah dan berwibawa sayang ulah para pengunjung yg kurang bertanggungjawab masih terlihat di sana sini dengan ceceran sampah sisa minuman penjaga yg tidak memberi karsis resmi menjadikan tempat itu spt kurang koordinasi,negatif,suasana malam kesan mistis pohon jati ratus usia bungkus kain putih sorot lampu pohon gagah wibawa sayang ulah unjung yg bertanggungjawab cecer sampah sisa minum jaga yg karsis resmi jadi spt koordinasi
alhamdulillah pesona api alam khayangan bojonegoro sangat menakjubkan,positif,alhamdulillah pesona api alam khayangan bojonegoro takjub
menakjubkan dan puas banget,positif,takjub puas banget
kayangan api bojonegoro api abadi,netral,kayangan api bojonegoro api abadi
wisata api abadi yang ada di kota bojo ,netral,wisata api abadi kota bojo
sebagai salah satu destinasi wisata tepat jika dijadikan wisata edukasi sejarah tempat situs lokasi yang dapat dilihat tidak hanya api abadi saja namun ada juga sumber air belerang tempat pembuatan keris rumah tempat lokasi semedi serta banyak titik pembelajaran dan tentunya berswafoto yang apik kawasan ini sudah sangat rapih dan tertata akses ke lokasi yang mudah dan lancar jalan beton dengan petunjuk arah yang dapat dijadikan wisawan sebagai petunjuk selain menggunakan google maps untuk sinyal menuju lokasi sangat lancar walaupun lokasi di dalam hutan anda tidak perlu khawatir akan sinyal pastikan anda melihat salah satu keajaiban dunia versi bojonegoro,netral,salah destinasi wisata jadi wisata edukasi sejarah situs lokasi api abadi sumber air belerang buat keris rumah lokasi semedi titik ajar berswafoto apik kawasan rapih tata akses lokasi mudah lancar jalan beton tunjuk arah jadi wisawan tunjuk google maps sinyal lokasi lancar lokasi hutan khawatir sinyal pasti salah ajaib dunia versi bojonegoro
indah dan bagus serta salah satu situs budaya di kabupaten bojonegoro yang sangat bersejarah,positif,indah bagus salah situs budaya kabupaten bojonegoro sejarah
kurang tertata tapi udah baik,netral,tata udah
beneran hot just like negara api,netral,beneran hot like negara api
bagus bersih,positif,bagus bersih
good place to visit,netral,good place visit
kurang bersih sih yg area sumur itu trus rumah itu agak kotor,negatif,bersih sih yg area sumur trus rumah kotor
sangat menyegkan,positif,seg
suka,netral,suka
nyaman tempatnya,positif,nyaman tempat
untuk pecinta sejarah sip dah,netral,cinta sejarah sip dah
malam lebih bagus sebab pijaran api sangat jelas namun tidak seramai siang dan malam agak sulit berswafoto,netral,malam bagus pijar api serama siang malam sulit berswafoto
bagus u tuk blajar,netral,bagus u tuk blajar
hening damel ritualan,netral,hening damel ritual
mencapai kedamain malam di kesendirian,netral,capai kedamain malam sendiri
karena ppkm hanya bisa sampai di luar saja,netral,ppkm
salah satu wisatanya kota bojonegoro yang terkenal dengan api abadi yang tidak padam walaupun terkena air hujan dan di sini terdapat air blekutuk yang baunya seperti belerang wisata ini berada di kawasan hutan yang rindang dan sejuk,netral,salah wisata kota bojonegoro kenal api abadi padam kena air hujan air blekutuk bau belerang wisata kawasan hutan rindang sejuk
subhanallah,netral,subhanallah
perjala dari kota bojonegoro kurang lebih menit via dander untuk siang hari api tidak nampak jelas karena api berwarna biru perjala bisa dilakukan dengan mobil ataupun sepeda tempatnya bagus bersih kasih penjaga yg aktif dong pihak pengelola krn msih bnyak tangan jahil yg melakukan corat coret di dinding vandalisme untuk kebersihan ok kita semua harus menjaga jika berkunjung jangan corat coret apapun,netral,jala kota bojonegoro menit via dander siang api nampak api warna biru jala mobil sepeda tempat bagus bersih kasih jaga yg aktif kelola krn msih bnyak tangan jahil yg corat coret dinding vandalisme bersih ok jaga kunjung corat coret apa
cahaya penerang,netral,cahaya terang
tempat bersejarah,netral,sejarah
kurang menarik tempat nya summer api dan sumur belerang nya jg kurang dirawat,negatif,tarik nya summer api sumur belerang nya jg rawat
bersih pohon rindang dan pedagang serta petugas yg ramah,positif,bersih pohon rindang dagang tugas yg ramah
tempat bersih suasana nyaman dan teg,positif,bersih suasana nyaman teg
sangat seg,netral,seg
kalau daftar keajaiban dunia bisa di tambah saya merekomkan kayangan api sebagai salah satunya mengapa karena tempat ini menyimpan sejarah tempat ini ada api abadi tempat ini sangat elok ada di tengah hutan tempat ini nyaman membuat hati tentram dan disini penduduk sekitar sangat ramah dan bersahaja kayangan api merupakan salah satu icon dan tempat wisata kebanggan bojonegoro pemeliharaan tempat ini juga bagus dan kebersihan terjaga di lengkapi tempat parkir pujasera mushola dan juga toilet,netral,daftar ajaib dunia merekomkan kayangan api salah satu simpan sejarah api abadi elok hutan nyaman hati tentram duduk ramah sahaja kayangan api salah icon wisata banggan bojonegoro pelihara bagus bersih jaga lengkap parkir pujasera mushola toilet
buktikan sendiri,netral,bukti
masuk ke tempatnya jalan paving block paa kmrn kesana sepi asik banget,netral,masuk tempat jalan paving block paa kmrn kesana sepi asik banget
wisata alam ini cukup menarik untuk wislok perlu pega yg lebih baik agar diminati,netral,wisata alam tarik wislok pega yg mati
keren perlu ditingkatkan promosi fasilitasnya,netral,keren tingkat promosi fasilitas
kereen,netral,kereen
kebersihanxa terjaga n sejuk selain jalan jga bisa nmbah pengetahuan n mengenal sejarah,netral,kebersihanxa jaga n sejuk jalan jga nmbah tahu n kenal sejarah
tempat nya woowww bgt akses jalannya juga sdh baik monggo pinarak bojonegoro ,netral,nya woowww bgt akses jalan sdh monggo parak bojonegoro
menurut aq sih biasa aja harga tiket nya mahal per orang,netral,aq sih aja harga tiket nya mahal orang
cukup baik,netral,
wisata alam yang bagus utk keluarga n edukasi anak tempatnya bagus jalan menuju kesana juga bagus oh ya jangan lupa lihat video kayangan api di youtube channel shafyna juan diary subscribe like n share ya terima kasih,positif,wisata alam bagus utk keluarga n edukasi anak tempat bagus jalan kesana bagus oh ya lupa lihat video kayangan api youtube channel shafyna juan diary subscribe like n share ya terima kasih
ma syaa alloh la quwwata illa billah,netral,syaa alloh la quwwata illa billah
bagus tempatnya,positif,bagus tempat
wisata alam legenda bojonegoro,netral,wisata alam legenda bojonegoro
tempat wisata hits khas ikon kota bojonegoro api abadi yang tak pernah padam selain wisata sering digunakan juga untuk acara adat tradisional tiap tahunnya belum ke bojonegoro kalau belum kesini waktu tempuh sekitar menit dari pusat kota,netral,wisata hits khas ikon kota bojonegoro api abadi padam wisata acara adat tradisional tahun bojonegoro kesini tempuh menit pusat kota
tempatnya kalo siang eksotis dan malam harinya hmmmm,netral,tempat kalo siang eksotis malam hari hmmmm
tempat wisata yang sangat menarik bernuansa alami juga tersedia musollah toilet warung makan dan minum dan yg lebih menarik lagi telah di persiapkan ahli terapi bekam dan pijat urat,positif,wisata tarik nuansa alami sedia musollah toilet warung makan minum yg tarik siap ahli terapi bekam pijat urat
lokasi unik tempat bersih,positif,lokasi unik bersih
tempat yg nyaman buat bersantai bersama keluarga selain itu juga tempat bersejarah dan bisa memberikan wawasan pada generasi penerus,positif,yg nyaman santa keluarga sejarah wawas generasi terus
alhamdulilah ini adalah wisata yg jarang ada di dunia hanya ad abeberapa tempat saja sumber api abadi yg bisa keluar dari dalam perut bumi langsung,netral,alhamdulilah wisata yg jarang dunia ad abeberapa sumber api abadi yg perut bumi langsung
lumayan nyaman senyap tidak terlalu ramai cocok buat yang nyari ketegan,positif,lumayan nyaman senyap ramai cocok nyari ketegan
keindahan alam yg patut di jaga dan dilestarikan,netral,indah alam yg patut jaga lestari
bagus asri,positif,bagus asri
tempat nya sejuk buat nyantai sekeluarga dan edukasi anak anak untuk mengenal sejarah dan budaya,netral,nya sejuk nyantai keluarga edukasi anak anak kenal sejarah budaya
saya kesini mengisi waktu luang liburan pada saat covid meski sepi pengunjung tempatnya nyaman,netral,kesini isi luang libur covid sepi unjung tempat nyaman
sangat cocok untuk meditasi,netral,cocok meditasi
mantap enak,netral,mantap enak
tempatnya bersih nyaman tapi panas banget padahal itu sampai sana sore hari tapi seg karena ada pendopo bangu lama seperti mengingat sejarah,positif,tempat bersih nyaman panas banget sore seg pendopo bangu sejarah
panas,negatif,panas
pengalaman berkunjung kesini tempatnya kurang terawat pemkab harusnya memberi perhatian ekstra di tempat ini mengingat salah satu wisata yang paling sering di kunjungi wisatawan di bojonegoro akses masuknya juga sudah bagus jika dari kota jalan beton semoga kedepannya bisa lebih baik lagi,negatif,alam kunjung kesini tempat awat pemkab perhati ekstra salah wisata kunjung wisatawan bojonegoro akses masuk bagus kota jalan beton moga depan
bagus banget dan alami,positif,bagus banget alami
bagus,netral,bagus
tempat yang cocok untuk liburan keluarga dengan harga tiket masuk yang terjangkau dapat mempelajari tentang sejarah sejarah kayangan api yang mungkin tidak banyak diketahui orang api abadi yang tidak pernah padam dan masih terlihat saat pagi siang hari jika berkunjung di malam hari pasti api akan terlihat menarik kayangan api buka selama jam,netral,cocok libur keluarga harga tiket masuk jangkau ajar sejarah sejarah kayangan api orang api abadi padam pagi siang kunjung malam api tarik kayangan api buka jam
berkah abadi,netral,berkah abadi
tempat wisata yg wajib dikunjungi ketika singgah di bojonegoro khususnya di sore dan malam hari ,netral,wisata yg wajib kunjung singgah bojonegoro sore malam
bagus,netral,bagus
bagus bet,netral,bagus bet
nyaman buat santai,positif,nyaman santai
sejuk dan hanya menit dari kota bojonegoro jangan lupa membeli kerupuk khas sini dari ubi gerut orang lokal bilangnya kalau sore lebih indah dan semakin gelap api abadinya akan semakin nampak jelas disini aman juga unruk bawa anak anak dan manula ada musola dan toilet,netral,sejuk menit kota bojonegoro lupa beli kerupuk khas ubi gerut orang lokal bilang sore indah gelap api abadi nampak aman unruk bawa anak anak manula musola toilet
bagus,netral,bagus
bagus sejuk,positif,bagus sejuk
salah satu icon wisata dikota bojonegoro yaitu kayangan api api abadi yang berada di kabupaten bojonegoro,netral,salah icon wisata kota bojonegoro kayangan api api abadi kabupaten bojonegoro
sangat istimewa tempat pariwisata dan religius untuk mensyukuri kebesaran tuhan,netral,istimewa pariwisata religius syukur besar tuhan
saya dari nganjuk dan pernah satu kali ke waduk pacal bojonegoro karena sudah sampai disitu tiba tiba ingin berkunjung ke wisata kayangan api yang masih sekota tetapi tak dikira ternyata letak wisata kayangan api sangat jauh kira kira an kilo meter dari waduk pacal yang pernah saya kunjungi sebelumnya sekian tahun lalu sebenarnya saya hampir putus asa karena sangat jauhnya tadi tetapi tanggung karena saya sudah beberapa belas kilo meter melewati waduk pacal maka setelah bertanya tanya selama perjala disertai informasi tentang lokasi wisata tersebut oleh warga masyarakat tempat saya bertanya tadi maka timbul rasa penasaran dan tetap harus bertekat bulat menuju lokasi tersebut setelah jalan aspal yang saya lewati sampai pertigaan jalan paving ke kiri mengarah ke dalam hutan maka saya berhenti sejenak disitu tampak pintu gerbang yang berupa gapura disitu ada tulisan wisata kayangan api sayapun segera masuk mengarah kesana melewati jalan paving berhenti sejenak untuk membayar ongkos masuk kembali saya teruskan perjala di atas paving yang akhirnya berhenti di parkiran mobil berikutnya bayabgkan sendiri keindahan hutan di wisata kayanfan api,netral,nganjuk kali waduk pacal bojonegoro situ kunjung wisata kayangan api kota letak wisata kayangan api kilo meter waduk pacal kunjung sekian putus asa jauh tanggung belas kilo meter lewat waduk pacal jala serta informasi lokasi wisata warga masyarakat timbul penasaran tekat bulat lokasi jalan aspal lewat tiga jalan paving kiri arah hutan henti situ pintu gerbang gapura situ tulis wisata kayangan api saya masuk arah kesana lewat jalan paving henti bayar ongkos masuk terus jala paving henti parkir mobil bayabgkan indah hutan wisata kayanfan api
bisa sebagai tempat edukasi karena ada gas akam yang keluar sehingga apinya menyala sepanjang waktu tempatnya teduh karena berada dikawasan hutan jati dan sudah dikelola dengan baik,netral,edukasi gas akam api nyala tempat teduh kawasan hutan jati kelola
kayangan api bojonegoro salah satu lokasi api abadi selain mrapen dimana mrapen ternyata apinya sudah padam lokasinya lumayan terpencil di tengah hutan jalan alternatif cepu bojonegoro apinya berasal dari gas alam dan bau belerang tercium disini masih gratis dikunjungi selama pandemi lokasinya juga termasuk sakral karena ada pertapaan mungkin harus mampir kalo lg menuju ke bojonegoro ato mojokerto dari cepu,netral,kayangan api bojonegoro salah lokasi api abadi mrapen mana mrapen api padam lokasi lumayan pencil hutan jalan alternatif cepu bojonegoro api asal gas alam bau belerang cium gratis kunjung pandemi lokasi sakral tapa mampir kalo lg bojonegoro ato mojokerto cepu
bagus banget,positif,bagus banget
kerja bagus,netral,kerja bagus
bagus,netral,bagus
tempatnya bagus petugas kebersihannya selalu nyapuin area sekitar masuknya mumpung masih gratis,positif,tempat bagus tugas bersih nyapuin area masuk mumpung gratis
tempatnya bersih dan semua fasilitasnya bagus dan lengkap,positif,tempat bersih fasilitas bagus lengkap
pagi,netral,pagi
tempat nya msh ad sakral klo di sini jd hati jg klo bicara ,netral,nya msh ad sakral klo jd hati jg klo bicara
akses menuju tempat ini sudah mulus bagus dan memadai tentunya cocok buat kalian pecinta alam apalagi tempat ini berada di tengah hutan suasaya sangat nyaman tempat parkir luas toilet bersih mushola tiket murah tentunya cocok juga untuk wisata edukasi karena tempat ini sangat bersejarah apalagi api abadi yang memang gak pernah padam banyak juga penjualan maka khas daerah dan oleh oleh,positif,akses mulus bagus pada cocok cinta alam hutan suasaya nyaman parkir luas toilet bersih mushola tiket murah cocok wisata edukasi sejarah api abadi gak padam jual khas daerah
tempatnya bersih masih asri pengunjungnya jga gk terlalu banyak keren apinya ya gk pernah padam,positif,tempat bersih asri unjung jga gk keren api ya gk padam
tahap perluasan tempat wisata juga,netral,tahap luas wisata
tempat yang bagus teg n yg pasti tempat bersejarah titipan leluhur jaman dulu harus di jaga n rawat bersama ,netral,bagus teg n yg sejarah titip leluhur jaman jaga n rawat
ada api abadi keajaiban ture,netral,api abadi ajaib ture
nice api abadi,netral,nice api abadi
sayang waktu kesana area nya di tutup karena covid ,netral,sayang kesana area nya tutup covid
tempat yang nyaman dan bersejarah yang suka tempat alami sunyi kuy kesini masih asri ditengah hutan jati,positif,nyaman sejarah suka alami sunyi kuy kesini asri tengah hutan jati
yo bojonegoro salah satu destinasi wisata di kabupaten bojonegoro yang berlokasi di kecamatan ngasem bojonegoro katanya dari cerita yang saya dengar disini api abadi dan ada sejarahnya juga dimulai dari empu pembuat keris pusaka dari jaman kerajaan majapahit yang menyepi disini dengan nama samaran karena beliau tidak ingin diketahui identitasnya oh ya api abadi disini dulunya digunakan empu tersebut untuk membuat keris disini ada juga banyu blukutuk ataupun tempat buat menyepi pondokan pondokan kecil untuk fasilitas disini juga dikatakan cukup baik seperti mushola pujasera pendapa pondokan buat menyepi tempat parkir luas bahkan toilet untuk difabel dengan tempatnya yang bersih diharapkan juga kesadaran pengunjung untuk buang sampah ditempat sampah yang disediakan so far so good karena sepanjang perjala kesana banyak pepoho yang asik dan juga bisa dijadikan spot foto sama suara burung juga ada oiya kalau bisa jalan menuju lokasi wisatanya diberikan sign system biar memudahkan orang yang mau kesana biarpun ada google map dan gapura besar yang medakan lokasi masuknya tapi akan lebih baik ada sign systemnya dan patuhi protokol kesehatan ya bosku go bojonegoro go,netral,yo bojonegoro salah destinasi wisata kabupaten bojonegoro lokasi camat ngasem bojonegoro cerita dengar api abadi sejarah empu buat keris pusaka jaman raja majapahit nyepi nama samar beliau identitas oh ya api abadi dulunya empu keris banyu blukutuk nyepi pondok pondok fasilitas mushola pujasera pendapa pondok nyepi parkir luas toilet difabel tempat bersih harap sadar unjung buang sampah tempat sampah sedia far good jala kesana pepoho asik jadi spot foto suara burung oiya jalan lokasi wisata sign system biar mudah orang kesana biarpun google map gapura medakan lokasi masuk sign systemnya patuh protokol sehat ya bos go bojonegoro go
cantik,netral,cantik
tempat strategis,netral,strategis
tempat wisata yg nyaman asri bersih murah dan alami akses jalanya bagus,positif,wisata yg nyaman asri bersih murah alami akses jala bagus
keajaiban dunia ada disini mr brsama sama utk merawatnya,netral,ajaib dunia mr brsama utk rawat
wisata alam api abadi,netral,wisata alam api abadi
tempat nya bagus,positif,nya bagus
wisata lokal damai dan bersejarah,netral,wisata lokal damai sejarah
mungkin pemkab bojonegoro bisa menambah out bond d lokasi tersebut,netral,pemkab bojonegoro tambah bond lokasi
wisata alam gratis,netral,wisata alam gratis
sangat membantu jalur singkat,netral,bantu jalur singkat
bagus,netral,bagus
situs bersejarah,netral,situs sejarah
bagus,netral,bagus
sejarah tentang empu supo jaman pembuatan keris,netral,sejarah empu supo jaman buat keris
bagus dan penuh dengan cerita,positif,bagus penuh cerita
jangan sekali sekali melupakan sejarah,netral,lupa sejarah
wisata alam,netral,wisata alam
,netral,
bagus tempatnya msi alami msi perlu dikembangkan,netral,bagus tempat msi alami msi kembang
mantulll,netral,mantulll
bermakna,netral,makna
indah,netral,indah
tempat bagus rapi nyaman dan banyak tempat teduh lagi,positif,bagus rapi nyaman teduh
bagus n bersih menambah ketebalan iman akan kebesaran alloh s w t,netral,bagus n bersih tambah tebal iman besar alloh w
cantik,netral,cantik
sangat bagus,positif,bagus
syahdu,netral,syahdu
tempatnya bagus dan penuh sejarah,positif,tempat bagus penuh sejarah
tempat bersejarah yang menarik untuk dikunjungi,netral,sejarah tarik kunjung
wisata bojonegoro,netral,wisata bojonegoro
ok mantapn,netral,ok mantapn
salah satu landmark bersejarah di wilayah bojonegoro api terus menyala selama bertahun tahun sejak zaman kuno di sinilah pandai besi legendaris empu supamati membuat keris legendaris indonesia keris itu direnovasi oleh pemerintah setempat sehingga sekarang terlihat lebih rapi bersih,netral,salah landmark sejarah wilayah bojonegoro api nyala tahun zaman kuno pandai besi legendaris empu supamati keris legendaris indonesia keris renovasi perintah rapi bersih
asyiiik tempatnya,positif,asyiiik tempat
pemandangan seru udara sejuk alam terbuka,netral,pandang seru udara sejuk alam buka
tempatnya teduh cocok untuk bersantai dengan keluarga banyak gazebo untuk istirahat,positif,tempat teduh cocok santa keluarga gazebo istirahat
indah,netral,indah
bagus tambahi spot foto supaya tambah ramai,netral,bagus tambah spot foto ramai
tempat maka,netral,
wajib dikunjungi bagi yang tinggal di bojonegoro dan sekitarnya,netral,wajib kunjung tinggal bojonegoro
cenel yt rodex pro tempat yang langka beruntung bojonegoro memilikinya,netral,cenel yt rodex pro langka untung bojonegoro milik
tempat bersejarah petugasnya sangat ramah,netral,sejarah tugas ramah
tmpatnya sejuk apinya anget asal jngan trllu dekat ke apinya cocok wes warung ada toilet ada musholla jg ada lengkap wes joooosss ,netral,tmpatnya sejuk api anget jngan trllu api cocok wes warung toilet musholla jg lengkap wes joooosss
tempat yang bagus dan alami,positif,bagus alami
bagus masih jadi destinasi no satu kusunya di dander sekitar,netral,bagus destinasi kusu dander
buka jam berkunjung malam hari sangat eksotis sambil bakar ikan suasana tambah mantaapp,netral,buka jam kunjung malam eksotis bakar ikan suasana mantaapp
khayangan api merupakan salah satu tempat wisata yang banyak didatangi oleh wisatawan karena keindahan tempatnya dan juga api abadi yang menjadi keunikan tersendiri,netral,khayangan api salah wisata datang wisatawan indah tempat api abadi uni sendiri
bagus kalau malam,netral,bagus malam
bagus,netral,bagus
bagus dan keren,positif,bagus keren
kegan,netral,kegan
wisata alam yg indah dan mempesona,positif,wisata alam yg indah pesona
semakin bagus,positif,bagus
tempat yang sangat bersejarah karena empu supo sang maestro pembuat keris yg terkenal dengan keris sengkelat,netral,sejarah empu supo sang maestro buat keris yg kenal keris sengkelat
saya pergi ke sana selama perjala bersepeda di pagi hari udara di sana menyegarkan dikelilingi oleh pohon djati,netral,pergi jala sepeda pagi udara segar keliling pohon djati
menakjubkan,netral,takjub
apinya abadi,netral,api abadi
akses lancar jalan bagus mencari objek wisata ini gampang sekali rapih tertata ramah pengelola nyaa,positif,akses lancar jalan bagus cari objek wisata gampang rapih tata ramah kelola nyaa
rekomendasi wisata daerah bojonegoro dan tempatnya lmyn bagus untuk dikunjungi,netral,rekomendasi wisata daerah bojonegoro tempat lmyn bagus kunjung
karena tempatnya kelihatan menakutkan jauh dari pemukiman,negatif,tempat takut mukim
siti zulaikah wisata kahyangan api ,netral,siti zulaikah wisata kahyangan api
alami,netral,alami
masuk ke dalemnya lumayan sudah menggunakan protokol kesehatan,netral,masuk dalem lumayan protokol sehat
mantap mampir yuk,netral,mantap mampir yuk
di sana saya alhamdulillah mengetahui banyak informasi mengetahui sejarah,netral,alhamdulillah informasi sejarah
lumayan tempatnya sangat teg,positif,lumayan tempat teg
keren tempatnya,positif,keren tempat
mantap tempat nya,positif,mantap nya
tempat wisata alam di bojonegoro,netral,wisata alam bojonegoro
bagus untung mengeg dan tau sejarah kebudayaan bojonegoro,netral,bagus untung mengeg tau sejarah budaya bojonegoro
belum pernah kesana,netral,kesana
panas tp viewnya bagus mash proses renov,netral,panas tp viewnya bagus mash proses renov
rekreasi yang meng edukasi serta terjangkau oleh ekonomi menengah ke bawah,positif,rekreasi meng edukasi jangkau ekonomi tengah
tempat legenda yg perlu kita pelajari dan kita lestarikan,netral,legenda yg ajar lestari
alhamdulillah sangat bermanfaat sekali bagi kita pecinta alam semesta ini,netral,alhamdulillah manfaat cinta alam semesta
keindahan alami dan icon bojonegoro,netral,indah alami icon bojonegoro
enak sih bisa mengerti tentang alam dan belajar dulu sebelum kesana jadi banyak yang bisa di ceritain ke orang yang belum begitu paham sedikit panas tempat nya tapi ga papa emang kayangan api ya hehehe,netral,enak sih erti alam ajar kesana ceritain orang paham panas nya ga papa emang kayangan api ya hehehe
wisata alam yang asri dan wajib dikunjungi,netral,wisata alam asri wajib kunjung
wisata alam,netral,wisata alam
kurang banyak variasi hiburan tempat bersantai kurang terawat,negatif,variasi hibur santa awat
baik sekali,netral,
tempat ini sangat menakjubkan api abadi yang melegenda nyata peninggalan para eyang kuasa tuhan yme memberikan kepada orang orang terpilih,netral,takjub api abadi legenda nyata tinggal eyang kuasa tuhan yme orang orang pilih
tempat wisata bersejarah tempat nya bersih ada musholla mai anak tersedia pendopo bersih cocok buat liburan bersama keluarga maka tidak seberapa mahal tetap mengutamakan protokol kesehatan parkir luas free masuk karena masih masa transisi new normal,positif,wisata sejarah nya bersih musholla mai anak sedia pendopo bersih cocok libur keluarga mahal utama protokol sehat parkir luas free masuk transisi new normal
sangat bagus dan masih sakeral,netral,bagus sakeral
tempat wisata alam yg unik,netral,wisata alam yg unik
masih tutup gara corona,positif,tutup gara corona
bagus saya suka,netral,bagus suka
tahun lalu saat digelar pameran dan saya ikut berpartisipasi,netral,gelar pamer partisipasi
tempat bersejarah buka jam,netral,sejarah buka jam
jalan akses bagus tempatnya bersih dan rapi atraksinya api dan kolam lumpur belerang kayaknya kalau ke sini sebaiknya malam kalau buka buat foto malam hari agak jauh dari kota bojonegoro,positif,jalan akses bagus tempat bersih rapi atraksi api kolam lumpur belerang kayak malam buka foto malam kota bojonegoro
tempat ini sangat saya sukai di wisata kayanyan api wisata ita sangat menarik untuk saya,positif,suka wisata kayanyan api wisata ita tarik
sekarang lagi tutup karena ada corona,netral,tutup corona
bagus,netral,bagus
disini anda akan melihat api abadi tempatnya hening di kelilingi pepoho tempat ini di kelola dengan baik kebersihan terjaga harga tiket masuk terjangkau,netral,api abadi tempat hening keliling pepoho kelola bersih jaga harga tiket masuk jangkau
tempat bersejarah cocok untuk wisata keluarga apinya tak padam walaupun hujan klo kesini sebaiknya sore ke malam jd siang dapat malamnya jg dapat bagus jg buat foto ad toilet dan mushola jg warung jaja jg ad klo laper g usah kawatir,netral,sejarah cocok wisata keluarga api padam hujan klo kesini sore malam jd siang malam jg bagus jg foto ad toilet mushola jg warung jaja jg ad klo laper g kawatir
murah meriah,netral,murah riah
bagus,netral,bagus
tempat yang nyaman buat refresing dan penuh dengan sejarah,positif,nyaman refresing penuh sejarah
wisata relegius andalan jonegoro,positif,wisata relegius andal jonegoro
tempatnya teduh oke banget buat edukasi juga,positif,tempat teduh oke banget edukasi
kurang makimal diberdayakan,netral,makimal daya
tempat bersejarah yang tetap harus dijaga dan dijelaskan ceritanya pada anak cucu kita kedepan agar mereka mempunyai kebanggaan terhadap leluhurnya,netral,sejarah jaga cerita anak cucu depan bangga leluhur
fenomena api yang terus menyala api abadi tidak akan pernah padam sampai kapanpun,netral,fenomena api nyala api abadi padam
tiket masuk yang terjangka dengan pemandangan asri hutan serta spot foto yang banyak,netral,tiket masuk jangka pandang asri hutan spot foto
tempatnya bersejarah,netral,tempat sejarah
mantul,netral,mantul
tempat ini sudah sangat berubah tidak seperti dulu lagi,netral,ubah
adem,netral,adem
tempat wisata yang bagus untuk dikunjungi jalan menuju lokasi ok tidak rusak dan cukup lebar pemandangan khas hutan jati tempat parkir di area luas ada warung untuk makan dan minum tiket masuk juga murah,positif,wisata bagus kunjung jalan lokasi ok rusak lebar pandang khas hutan jati parkir area luas warung makan minum tiket masuk murah
keren cuyy,positif,keren cuyy
alam asri pedesaan,netral,alam asri desa
wisata langka ada api tak pernah padam meskipun hujan turun dengan derasnya recommended sekali untuk wisata keluarga apalagi saat malam hari api terlihat sangat jelas,netral,wisata langka api padam hujan turun deras recommended wisata keluarga malam api
keajaiban alam,netral,ajaib alam
fasilitas air dimalam hari tidak ada,netral,fasilitas air malam
api tak kunjung padam,netral,api kunjung padam
keajaiban alam kebesaran illahi,netral,ajaib alam besar illahi
tiket murah bersih cocok untuk wisata edukasi,positif,tiket murah bersih cocok wisata edukasi
tempat wisata yang terjangkau buat keluarga,netral,wisata jangkau keluarga
bagus,netral,bagus
tempat yg luar biasa api abadi dr perut bumi lebih bagus bila datang pada malam hari,netral,yg api abadi dr perut bumi bagus malam
tempat wisata yang cukup unik perlu rasanya yang sedang mampir di bojonegoro untuk sempetin kesini akses ke lokasi cukup bagus tempat ini buka jam jadi mungkin kalo datang malem lebih ngena lagi suasana perapiannya tapi ini ditengah hutan ya lokasinya,netral,wisata unik mampir bojonegoro sempetin kesini akses lokasi bagus buka jam kalo malem ngena suasana api tengah hutan ya lokasi
fasilitas kurang memadai,negatif,fasilitas pada
bagus masuk hutan kalo malam pasti deg degan,netral,bagus masuk hutan kalo malam deg degan
bener bener gak padam apinya walau kena air ada pohon cinta kalo pas gak ada event sepi banget disana penjualnya juga cuma ada satu dua orang tapi ini tempat yang perlu dikunjungi bagus banget kok tempatnya,netral,bener bener gak padam api kena air pohon cinta kalo pas gak event sepi banget sana jual orang kunjung bagus banget tempat
apinya memang keren,netral,api keren
tempatnya mudah terjangkau dari kota bojonegoro lokasinya nyaman dan nyaman buat kekuar,positif,tempat mudah jangkau kota bojonegoro lokasi nyaman nyaman kuar
mistis,netral,mistis
kayangan api is one of the tourist attractions in bojonegoro which has a good view there is an eternal fire many food vendors one of the most memorable is eating corn that is burned using eternal fire,netral,kayangan api one tourist attractions bojonegoro good view eternal fire many food vendors one memorable eating corn burned using eternal fire
oke,netral,oke
legenda,netral,legenda
bagus terus menerus diperbaiki,netral,bagus terus baik
menegkan fikiran dan untuk santai di waktu malam hari,netral,menegkan fikiran santai malam
megis,netral,megis
banyak perubahan yang bagus,positif,ubah bagus
tempat luas dan adem,positif,luas adem
jarak nya dari kota bojonegoro kurang lebih menit,netral,jarak nya kota bojonegoro menit
hmmm mistis banget,netral,hmmm mistis banget
keren,netral,keren
wisata kayangan api bojonegoro,netral,wisata kayangan api bojonegoro
tempatnya sudah tersusun rapi,netral,tempat susun rapi
akses menuju lokasi sangat mudah tidak ribet dan gampang untuk ditemukan bisa untuk wisata pendidikan atau sekedar untuk liburan dan bersntui,positif,akses lokasi mudah ribet gampang temu wisata didik dar libur bersntui
bagus tempatnya,positif,bagus tempat
apinya menyala terus,netral,api nyala
kalau boleh usul dilengkapi arena bermain seperti flying fox sepeda udara dll insya akan lebih banyak yg berkunjung lagi,netral,usul lengkap arena main flying fox sepeda udara dll insya yg kunjung
wisata alam api yg tak kunjung padam hanya ada dibojonegoro jawa timur,netral,wisata alam api yg kunjung padam dibojonegoro jawa timur
cogan,netral,cogan
tempat wisata yg keren,positif,wisata yg keren
tempat berlibur belajar sejarah,netral,libur ajar sejarah
lumayan bagus,netral,lumayan bagus
sejuk indah asri alami ramah,positif,sejuk indah asri alami ramah
saya menyukai tempat ini krna ini wisata desaku dan sekarang makin maju wisatanya alhamdulillah ,netral,suka krna wisata desa maju wisata alhamdulillah
bagus bedaaa bgt sama dulu sdh byk fasilitasnya mungkin berlu ditambah kru bersih nya agar pendopo yg luas itu lantainya bersih sepertinya cocok dan lbh ekonomis juga disewa buat acara reuni dll biar reuni tdk sekedar mkn diresto akses kelokasi sdh bagus jln di cor,netral,bagus bedaaa bgt sdh byk fasilitas berlu tambah kru bersih nya pendopo yg luas lantai bersih cocok lbh ekonomis sewa acara reuni dll biar reuni tdk dar mkn diresto akses lokasi sdh bagus jln cor
bagus,netral,bagus
keren,netral,keren
banyak org jualan lebih bagus wisata waduk grobogan,netral,org jual bagus wisata waduk grobogan
tempat yang bagus tempat geoheritage di jawa,positif,bagus geoheritage jawa
baik,netral,
hanya lihat api orang bakar jagung dan spot foto gazebo kurang tempat colokan kalau mau ngecas,netral,lihat api orang bakar jagung spot foto gazebo colok ngecas
bagus pohone gede jadi rindang tp kayaknya lebih bagus pas malem apinya keliatan,netral,bagus pohone gede rindang tp kayak bagus pas malem api liat
keren api abadi,netral,keren api abadi
alam yg bagus,positif,alam yg bagus
pariwisata yang bagus situs bersejarah yang bagus api abadi yang bagus cerita rakyat yang bagus orang baik,positif,pariwisata bagus situs sejarah bagus api abadi bagus cerita rakyat bagus orang
pernah tau lewat tv ,netral,tau tv
tempanya enak ada api abadi yang tak pernah padam,netral,tempa enak api abadi padam
api abadi dan tempat bersejarah di kabupaten bojonegoro,netral,api abadi sejarah kabupaten bojonegoro
melihat dan mengunjungi salah satu keajaiban dunia yaitu api yang tak padam siang dan malam di lokasi yang sepi jauh dari keramaian di tengah kebun jati yang rindang tak jauh dari api ada sumur air belerang namun anehnya air tersebut tidak panas padahal air tersebut seperti mendidih menggelegak mengelegak berbuih bila ingin ke sini bagus nya di waktu malam karena api nya nampak jelas terlihat tapi datang di siang hari pun tak masalah ada kopi kotok yang enak dan lezat dengan harga yang murah meriah dan patut dicicipi kopi kotok adalah kopi yang cara membuat nya langsung digodog dengan air lalu disajikannya cukup unik yaitu ada tumpahan kopinya dipiring kecil nya,netral,unjung salah ajaib dunia api padam siang malam lokasi sepi ramai kebun jati rindang api sumur air belerang aneh air panas air didih gelegak mengelegak buih bagus nya malam api nya nampak siang kopi kotok enak lezat harga murah riah patut cicip kopi kotok kopi nya langsung digodog air saji unik tumpah kopi piring nya
bagi penekun kebati menarik dan excited disini,netral,tekun kebat tarik excited
siip,netral,siip
masih banyak yg di perbaiki,netral,yg baik
wisata geologi dan sejarah sangat recomended untuk penelitian,netral,wisata geologi sejarah recomended teliti
auranya positif parkir luas nyaman kopi klotok nya mantab abis,netral,aura positif parkir luas nyaman kopi klotok nya mantab abis
aurax berasa kita kembli k jaman kerajaan,netral,aurax asa kembli k jaman raja
tempat wisata yang keren ,netral,wisata keren
unik dan bersejarah,netral,unik sejarah
tempatnya teduh dan nyaman untuk disinggahi,positif,tempat teduh nyaman singgah
kesana pas malam hari dan pemadaman pula tapi asyik apinya jadi kelihatan jelas banget biarpun gelap tapi di dalam rame kok tapi ya tetap kalah rame sama hari biasa yang ga pemadaman,netral,kesana pas malam madam asyik api banget biarpun gelap rame ya kalah rame ga madam
subhanalloh luar biasa api nya tetap menyala walau hujan tapi sayang jalan menuju kesana masih diperbaiki,netral,subhanalloh api nya nyala hujan sayang jalan kesana baik
wisata rekomendasi untuk anak,netral,wisata rekomendasi anak
tempatnya masih asri banget dan terletak di bojonegoro tempat parkir sepada motor maupun mobil jg luas dan nyaman aman semoga lebih modern lagi dan semakin ramai dan fasilitas sdh lengkap ada mushollanya bravo bojonegoro,netral,tempat asri banget letak bojonegoro parkir sepada motor mobil jg luas nyaman aman moga modern ramai fasilitas sdh lengkap mushollanya bravo bojonegoro
awesome great,netral,awesome great
kayangan api sangat bagus saya pernah kesana dua kali,netral,kayangan api bagus kesana kali
oke,netral,oke
wisata ini sangat menakjubkan,netral,wisata takjub
mantap slur,netral,mantap slur
wisata kayangan api merupakan salah satu tempat wisata yang berada diwilayah bojonegoro jawa timur disana terdapat api abadi yang muncul dari perut bumi,netral,wisata kayangan api salah wisata wilayah bojonegoro jawa timur sana api abadi muncul perut bumi
sangat indah,positif,indah
wisata ini sangat terkenal dan mungkin menjadi ikonnya bojonegoro di sini ada api abadi pohon cinta dan kawah kecil yang bergelembung gelembung untuk fasilitas sangat lengkap meliputi warung musholla toilet dll kekurangan tempat ini hanya masalah jalan yang rusak bahkan sampai gerbang masuk,netral,wisata kenal ikon bojonegoro api abadi pohon cinta kawah gelembung gelembung fasilitas lengkap liput warung musholla toilet dll kurang jalan rusak gerbang masuk
sudah lumayan bagus tapi akan lebih bagis lagi kalau di beri tanaman yang daunya tetap hijau saat musim kemarau biar kesanya tetap teduh,netral,lumayan bagus bagis tanam daunya hijau musim kemarau biar kesanya teduh
yahud,netral,yahud
dulu bagus sekarang apinya mengecil ,netral,bagus api kecil
termasuk wisata edukasi yg bagus di kabupaten bojonegoro,netral,wisata edukasi yg bagus kabupaten bojonegoro
,netral,
keren,netral,keren
nilai nilai sejarah dan tempat yg sakral,netral,nilai nilai sejarah yg sakral
nyaman santai sejuk,positif,nyaman santai sejuk
api abadi,netral,api abadi
desa,netral,desa
tempat wisata alam sumber api abadi yang berlokasi diwilayah hutan di kecamatan ngasem akses mudah yakni jalan untuk menuju lokasi sudah beraspal dan sebagian sudah dicor beton lokasi bersih dan nyaman untuk wisata keluarga sangat cocok untuk edukasi budaya dan sejarah bagi keluarga dan anak anak terdapat juga penjual maka misalnya jagung bakar yang menawarkan pembakaran di api abadi sehingga akan menjadi daya tarik tersendiri bagi wisatawan tempat ini akan ramai dikunjungi saat hari libur sehingga jalan akan sedikit macet jika berwisata ke khayangan api jangan lupa jaga kebersihan dan sikap sopan santun,netral,wisata alam sumber api abadi lokasi wilayah hutan camat ngasem akses mudah jalan lokasi aspal cor beton lokasi bersih nyaman wisata keluarga cocok edukasi budaya sejarah keluarga anak anak jual jagung bakar tawar bakar api abadi daya tarik sendiri wisatawan ramai kunjung libur jalan macet wisata khayangan api lupa jaga bersih sikap sopan santun
sayang belum booming,netral,sayang booming
bagus,positif,bagus
tempat menarik untuk berwisata,netral,tarik wisata
bagus ,netral,bagus
luar biasa,netral,
panas,negatif,panas
recharging mood banget kalau ketempat ini cuman bayar aja udah bisa masuk pemandangan alamnya api yang nggak pernah padam seru deh pulang dari sini mood sudah oke,netral,recharging mood banget tempat cuman bayar aja udah masuk pandang alam api nggak padam seru deh pulang mood oke
udara masih segar,netral,udara segar
tempat wisata yang sangat menarik untuk dikunjungi karena ada unsur historis budaya dan fenomena alam hari libur hari perayaan tertentu suasana ramai tapi kalau hari normal sunyi saya sendiri yang kelahiran asli bojonegoro baru sekali berkunjung kesana di usia yang sudah kepala mungkin karena kurang adanya promo iklan ke masyarakat luas untuk memikat daya tarik masyarakat sekian dan thank s,netral,wisata tarik kunjung unsur historis budaya fenomena alam libur raya suasana ramai normal sunyi lahir asli bojonegoro kunjung kesana usia kepala promo iklan masyarakat luas mikat daya tarik masyarakat sekian thank
ciptaan tuhan yang luar biasa,netral,cipta tuhan
tempatnya asri sekali karena banyak pepoho semoga kedepannya lebih baik,netral,tempat asri pepoho moga depan
tempat api abadi,netral,api abadi
sejuk banget recom,netral,sejuk banget recom
tempat yang bagus bisa dijadikan edukasi,positif,bagus jadi edukasi
berada di dalam hutan wisatawan dapat menikmati perjala wisata di antara pepoho jati kemudian anda berhenti di loket tiket dan langsung membeli tiketnya biayanya sekitar rp per orang setelah anda masuk anda akan melihat gerbang dan dinding bergaya arsitektur majaphit yang megah menjaga api abadi di dalamnya meskipun ya bau belerang cukup kuat di dalam itu masih tempat yang indah kunjungi kolam dan pohon yang saling dipintal begnya dan mampir ke pedagang lokal di mana mereka menawarkan keripik singkong buatan lokal yang lezat kunjungi dan saksikan nyala api abadi yang terletak di tengah lokasi di mana anda dapat menghangatkan diri atau berjalan jalan di sekitar api situs ini juga menawarkan banyak situs untuk fotografi oh ya lihat lihat dan cari penjaga situs lokal untuk memperkaya pengetahuan anda tentang sejarah situs dan legenda lokal banyak fasilitas seperti mushola toilet dan pedagang lokal yang menjual maka dan minuman hadir di lokasi dan tempat ini ramah keluarga saya merekomendasikan untuk mengunjungi situs ini pada sore hari untuk melihat nyala api paling terang,netral,hutan wisatawan nikmat jala wisata pepoho jati henti loket tiket langsung beli tiket biaya rp orang masuk gerbang dinding gaya arsitektur majaphit megah jaga api abadi dalam ya bau belerang kuat indah kunjung kolam pohon pintal begnya mampir dagang lokal tawar keripik singkong buat lokal lezat kunjung saksi nyala api abadi letak lokasi hangat jalan jalan api situs tawar situs fotografi oh ya lihat lihat cari jaga situs lokal kaya tahu sejarah situs legenda lokal fasilitas mushola toilet dagang lokal jual minum hadir lokasi ramah keluarga rekomendasi unjung situs sore nyala api terang
kurang terawat,negatif,awat
fenomena alam yg luar biasa,netral,fenomena alam yg
flying fox nya seru,positif,flying fox nya seru
sakral place,netral,sakral place
bagus sih lokasinya apalagi jika datang diwaktu malam cuma sayang tukang parkirnya kurang ramah,negatif,bagus sih lokasi waktu malam sayang tukang parkir ramah
wisata alam di bojonegoro bisa bakar jagung langsung di api alam,netral,wisata alam bojonegoro bakar jagung langsung api alam
nyaman akses mudah parkir luas suka sudah sering kesini,positif,nyaman akses mudah parkir luas suka kesini
nyaman,netral,nyaman
bagus,positif,bagus
api abadi letaknya di tangah hutan sering di buat tempat pengambilan api untuk kegiatan olah raga,netral,api abadi letak tangah hutan ambil api giat olah raga
sangat terawat api bagus tapi ada aura mistis,positif,awat api bagus aura mistis
tempat nuaman indah sayang akses jalan jauh dari jalan propinsii,netral,nuaman indah sayang akses jalan jalan propinsi
wisata alam,netral,wisata alam
lumayan,netral,lumayan
icon kota bojonegoro,netral,icon kota bojonegoro
sepi,netral,sepi
tempatnya sangat dekat dengan keluarga kami di desa itu,netral,tempat keluarga desa
peniggalan sejarah empu,netral,peniggalan sejarah empu
tempatnya seru alam terbuka hutan enak banget harga masuk standard jala ke sana juga enak lancar,netral,tempat seru alam buka hutan enak banget harga masuk standard jala enak lancar
wisata yg benar tumbuh dari alam,netral,wisata yg tumbuh alam
sejuk teg akses mudah baik mobil maupun motor retribusi wajar ada mushola ada toilet,positif,sejuk teg akses mudah mobil motor retribusi wajar mushola toilet
wisata murah yg ada di bojonegoro tapi memang daerah tandus jadi ya panas maklum ,netral,wisata murah yg bojonegoro daerah tandus ya panas maklum
lumayan bagus,positif,lumayan bagus
apik,positif,apik
salah satu tempat wisata api abadi sepanjang tahun di bojonegoro yg sering dipakai utk obor semangat asian games ,netral,salah wisata api abadi bojonegoro yg pakai utk obor semangat asi games
tidak ada perubahan yang menonjol dari saya kecil sampai sekarang masih sama dan tetap istimewa dengan api abadinya alangkah lebih enak kalau kesana pada malam hari bisa menghangatkan tubuh dan bakar jagung di api abadi langsung,netral,ubah tonjol istimewa api abadi alangkah enak kesana malam hangat tubuh bakar jagung api abadi langsung
semua tertata rapi termasuk para pedagangnya,netral,tata rapi dagang
suasana malam yg cerah,netral,suasana malam yg cerah
bagus utuk pelepas lelah toilet kurang bersih apalagi musholanya yaa tak taulah kayangan api ini situs sejarah yg dari dulu jadi icon bojonegoro yg bila orang luar daerah datang kemari pasti terkagum kagum ada api abadi jala yg kurang terawat toilet mushola terbengkalai dan lagi ada air blekutuk yg kurang diekspose keberadaannya tempat warung berjualan kurang terurus jadi kurang bersih dan rapi tolong dong pemkab bojonegoro memperhatikan tempat wisata ini lumayan khan utk pamasukan pad,negatif,bagus utuk lepas lelah toilet bersih musholanya yaa tau kayangan api situs sejarah yg icon bojonegoro yg orang daerah kemari kagum kagum api abadi jala yg awat toilet mushola bengkalai air blekutuk yg ekspose ada warung jual urus bersih rapi tolong pemkab bojonegoro perhati wisata lumayan khan utk pamasukan pad
cocok untuk foto berbackground api alami,netral,cocok foto berbackground api alami
wisata andalan di bojonegoro dimana wisata alam sejarah dan budaya jadi satu di sini anda dapat melihat fenomena alam yaitu api abadi api yg terus menyala dalam kondisi apapun selain melihat fenomena unik tsb anda juga bisa melihat tempat pertapaan leluhur dan penempaan keris pada zaman dulu saat ini tempat di dalam kayangan api juga sudah di renovasi sedemikian rupi sehingga membuat pengunjung menjadi lebih nyaman di kawasan ini juga sangat rindang dan banyak pepoho selain itu fasilitas sudah cukup lengkap dan nyaman tiket masuk hanya rp dan parkir motor hanya rp ,netral,wisata andal bojonegoro mana wisata alam sejarah budaya fenomena alam api abadi api yg nyala kondisi apa fenomena unik tsb tapa leluhur tempa keris zaman kayangan api renovasi rupi unjung nyaman kawasan rindang pepoho fasilitas lengkap nyaman tiket masuk rp parkir motor rp
permai anak tidak ada,netral,permai anak
